Time, PositionX, PositionZ, PositionY, CollisionCounting, Braking, Velocity, SteerAngle, deviance
0,3.6,-0.1244,.,.,False,1.553434,0,False
0,3.6,-0.1244,.,.,False,1.553434,0,False
0.0199995,3.6,-0.1244,.,.,False,1.396468,0,False
0.03940105,3.6,-0.1244,.,.,False,1.267453,0,False
0.04758644,3.6,-0.1244,.,.,False,1.267453,0,False
0.06421757,3.6,-0.1244,.,.,False,1.114928,0,False
0.08077812,3.6,-0.1244,.,.,False,0.9604859,0,False
0.0982542,3.6,-0.1244,.,.,False,0.8133266,0,False
0.1144953,3.6,-0.1244,.,.,False,0.8133266,0,False
0.1308403,3.6,-0.1244,.,.,False,0.6784275,0,False
0.1465387,3.6,-0.1244,.,.,False,0.5582989,0,False
0.1620245,3.6,-0.1244,.,.,False,0.4536884,0,False
0.1771011,3.6,-0.1244,.,.,False,0.4536884,0,False
0.1917038,3.6,-0.1244,.,.,False,0.3643056,0,False
0.2073793,3.6,-0.1244,.,.,False,0.2891498,0,False
0.2232113,3.6,-0.1244,.,.,False,0.2268472,0,False
0.2391987,3.6,-0.1244,.,.,False,0.1758817,0,False
0.2540178,3.6,-0.1244,.,.,False,0.1758817,0,False
0.2694082,3.6,-0.1244,.,.,False,0.1346931,0,False
0.2848148,3.6,-0.1244,.,.,False,0.1017919,0,False
0.3008595,3.6,-0.1244,.,.,False,0.07581325,0,False
0.3191805,3.6,-0.1244,.,.,False,0.05554729,0,False
0.3345203,3.6,-0.1244,.,.,False,0.05554729,0,False
0.3499384,3.6,-0.1244,.,.,False,0.0399242,0,False
0.365489,3.6,-0.1244,.,.,False,0.02801627,0,False
0.3810863,3.6,-0.1244,.,.,False,0.01908574,0,False
0.3964653,3.6,-0.1244,.,.,False,0.01908574,0,False
0.4127655,3.6,-0.1244,.,.,False,0.01247507,0,False
0.4278822,3.6,-0.1244,.,.,False,0.007678505,0,False
0.4425678,3.6,-0.1244,.,.,False,0.004263556,0,False
0.4580879,3.6,-0.1244,.,.,False,0.001892175,0,False
0.4737263,3.6,-0.1244,.,.,False,0.001892175,0,False
0.4888535,3.6,-0.1244,.,.,False,0.0003066986,0,False
0.5037422,3.6,-0.1244,.,.,False,0.0007035902,0,False
0.5192547,3.6,-0.1244,.,.,False,0.001297963,0,False
0.5345831,3.6,-0.1244,.,.,False,0.001297963,0,False
0.550354,3.6,-0.1244,.,.,False,0.001614897,0,False
0.5660191,3.6,-0.1244,.,.,False,0.001710556,0,False
0.5817289,3.6,-0.1244,.,.,False,0.001701178,0,False
0.5971756,3.6,-0.1244,.,.,False,0.001701178,0,False
0.6126394,3.6,-0.1244,.,.,False,0,0,False
0.6279831,3.6,-0.1244,.,.,False,0,0,False
0.6426373,3.6,-0.1244,.,.,False,0,0,False
0.6584721,3.6,-0.1244,.,.,False,0,0,False
0.6815281,3.6,-0.1244,.,.,False,0,0,False
0.6946335,3.6,-0.1244,.,.,False,0,0,False
0.7077675,3.6,-0.1244,.,.,False,0,0,False
0.7238779,3.6,-0.1244,.,.,False,0,0,False
0.7408438,3.6,-0.1244,.,.,False,0,0,False
0.7564116,3.6,-0.1244,.,.,False,0,0,False
0.771574,3.6,-0.1244,.,.,False,0,0,False
0.7888012,3.6,-0.1244,.,.,False,0,0,False
0.8051548,3.6,-0.1244,.,.,False,0,0,False
0.8218555,3.6,-0.1244,.,.,False,0,0,False
0.837348,3.6,-0.1244,.,.,False,0,0,False
0.8544846,3.6,-0.1244,.,.,False,0,0,False
0.8697252,3.6,-0.1244,.,.,False,0,0,False
0.8849545,3.6,-0.1244,.,.,False,0,0,False
0.9009457,3.6,-0.1244,.,.,False,0,0,False
0.9162493,3.6,-0.1244,.,.,False,0,0,False
0.9323311,3.6,-0.1244,.,.,False,0,0,False
0.9480486,3.6,-0.1244,.,.,False,0,0,False
0.9634523,3.6,-0.1244,.,.,False,0,0,False
0.9789343,3.6,-0.1244,.,.,False,0,0,False
0.9940605,3.6,-0.1244,.,.,False,0,0,False
1.008684,3.6,-0.1244,.,.,False,0,0,False
1.024488,3.6,-0.1244,.,.,False,0,0,False
1.039909,3.6,-0.1244,.,.,False,0,0,False
1.054892,3.6,-0.1244,.,.,False,0,0,False
1.070037,3.6,-0.1244,.,.,False,0,0,False
1.085456,3.6,-0.1244,.,.,False,0,0,False
1.10099,3.6,-0.1244,.,.,False,0,0,False
1.116526,3.6,-0.1244,.,.,False,0,0,False
1.133557,3.6,-0.1244,.,.,False,0,0,False
1.151678,3.6,-0.1244,.,.,False,0,0,False
1.165749,3.6,-0.1244,.,.,False,0,0,False
1.181623,3.6,-0.1244,.,.,False,0,0,False
1.197504,3.6,-0.1244,.,.,False,0,0,False
1.213936,3.6,-0.1244,.,.,False,0,0,False
1.229916,3.6,-0.1244,.,.,False,0,0,False
1.245044,3.6,-0.1244,.,.,False,0,0,False
1.260458,3.6,-0.1244,.,.,False,0,0,False
1.275465,3.6,-0.1244,.,.,False,0,0,False
1.291866,3.6,-0.1244,.,.,False,0,0,False
1.307268,3.6,-0.1244,.,.,False,0,0,False
1.32445,3.6,-0.1244,.,.,False,0,0,False
1.343184,3.6,-0.1244,.,.,False,0,0,False
1.358894,3.6,-0.1244,.,.,False,0,0,False
1.37834,3.6,-0.1244,.,.,False,0,0,False
1.392147,3.6,-0.1244,.,.,False,0,0,False
1.407631,3.6,-0.1244,.,.,False,0,0,False
1.423779,3.6,-0.1244,.,.,False,0,0,False
1.439035,3.6,-0.1244,.,.,False,0,0,False
1.454519,3.6,-0.1244,.,.,False,0,0,False
1.469515,3.6,-0.1244,.,.,False,0,0,False
1.484861,3.6,-0.1244,.,.,False,0,0,False
1.500324,3.6,-0.1244,.,.,False,0,0,False
1.516415,3.6,-0.1244,.,.,False,0,0,False
1.53233,3.6,-0.1244,.,.,False,0,0,False
1.547886,3.6,-0.1244,.,.,False,0,0,False
1.563538,3.6,-0.1244,.,.,False,0,0,False
1.578749,3.6,-0.1244,.,.,False,0,0,False
1.594183,3.6,-0.1244,.,.,False,0,0,False
1.608654,3.6,-0.1244,.,.,False,0,0,False
1.624329,3.6,-0.1244,.,.,False,0,0,False
1.639709,3.6,-0.1244,.,.,False,0,0,False
1.654764,3.6,-0.1244,.,.,False,0,0,False
1.67001,3.6,-0.1244,.,.,False,0,0,False
1.685688,3.6,-0.1244,.,.,False,0,0,False
1.7012,3.6,-0.1244,.,.,False,0,0,False
1.716677,3.6,-0.1244,.,.,False,0,0,False
1.732439,3.6,-0.1244,.,.,False,0,0,False
1.747828,3.6,-0.1244,.,.,False,0,0,False
1.763458,3.6,-0.1244,.,.,False,0,0,False
1.778854,3.6,-0.1244,.,.,False,0,0,False
1.794382,3.6,-0.1244,.,.,False,0,0,False
1.808863,3.6,-0.1244,.,.,False,0,0,False
1.824385,3.6,-0.1244,.,.,False,0,0,False
1.840221,3.6,-0.1244,.,.,False,0,0,False
1.855665,3.6,-0.1244,.,.,False,0,0,False
1.871269,3.6,-0.1244,.,.,False,0,0,False
1.886366,3.6,-0.1244,.,.,False,0,0,False
1.90221,3.6,-0.1244,.,.,False,0,0,False
1.920824,3.6,-0.1244,.,.,False,0,0,False
1.939228,3.6,-0.1244,.,.,False,0,0,False
1.949648,3.6,-0.1244,.,.,False,0,0,False
1.96521,3.6,-0.1244,.,.,False,0,0,False
1.980747,3.6,-0.1244,.,.,False,0,0,False
1.995945,3.6,-0.1244,.,.,False,0,0,False
2.011362,3.6,-0.1244,.,.,False,0,0,False
2.025892,3.6,-0.1244,.,.,False,0,0,False
2.041632,3.6,-0.1244,.,.,False,0,0,False
2.05732,3.6,-0.1244,.,.,False,0,0,False
2.072809,3.6,-0.1244,.,.,False,0,0,False
2.088087,3.6,-0.1244,.,.,False,0,0,False
2.103489,3.6,-0.1244,.,.,False,0,0,False
2.120178,3.6,-0.1244,.,.,False,0,0,False
2.136316,3.6,-0.1244,.,.,False,0,0,False
2.152895,3.6,-0.1244,.,.,False,0,0,False
2.17037,3.6,-0.1244,.,.,False,0,0,False
2.186945,3.6,-0.1244,.,.,False,0,0,False
2.202419,3.6,-0.1244,.,.,False,0,0,False
2.217714,3.6,-0.1244,.,.,False,0,0,False
2.233395,3.6,-0.1244,.,.,False,0,0,False
2.248846,3.6,-0.1244,.,.,False,0,0,False
2.264162,3.6,-0.1244,.,.,False,0,0,False
2.28005,3.6,-0.1244,.,.,False,0,0,False
2.296644,3.6,-0.1244,.,.,False,0,0,False
2.31271,3.6,-0.1244,.,.,False,0,0,False
2.328943,3.6,-0.1244,.,.,False,0,0,False
2.345297,3.6,-0.1244,.,.,False,0,0,False
2.361397,3.6,-0.1244,.,.,False,0,0,False
2.376915,3.6,-0.1244,.,.,False,0,0,False
2.39381,3.6,-0.1244,.,.,False,0,0,False
2.411505,3.6,-0.1244,.,.,False,0,0,False
2.427631,3.6,-0.1244,.,.,False,0,0,False
2.442318,3.6,-0.1244,.,.,False,0,0,False
2.458134,3.6,-0.1244,.,.,False,0,0,False
2.473808,3.6,-0.1244,.,.,False,0,0,False
2.488981,3.6,-0.1244,.,.,False,0,0,False
2.504227,3.6,-0.1244,.,.,False,0,0,False
2.519567,3.6,-0.1244,.,.,False,0,0,False
2.534822,3.6,-0.1244,.,.,False,0,0,False
2.550194,3.6,-0.1244,.,.,False,0,0,False
2.565722,3.6,-0.1244,.,.,False,0,0,False
2.581234,3.6,-0.1244,.,.,False,0,0,False
2.596651,3.6,-0.1244,.,.,False,0,0,False
2.611897,3.6,-0.1244,.,.,False,0,0,False
2.627275,3.6,-0.1244,.,.,False,0,0,False
2.642403,3.6,-0.1244,.,.,False,0,0,False
2.658003,3.6,-0.1244,.,.,False,0,0,False
2.673788,3.6,-0.1244,.,.,False,0,0,False
2.688787,3.6,-0.1244,.,.,False,0,0,False
2.704109,3.6,-0.1244,.,.,False,0,0,False
2.719439,3.6,-0.1244,.,.,False,0,0,False
2.735022,3.6,-0.1244,.,.,False,0,0,False
2.750429,3.6,-0.1244,.,.,False,0,0,False
2.766975,3.6,-0.1244,.,.,False,0,0,False
2.782455,3.6,-0.1244,.,.,False,0,0,False
2.798164,3.6,-0.1244,.,.,False,0,0,False
2.813484,3.6,-0.1244,.,.,False,0,0,False
2.829077,3.6,-0.1244,.,.,False,0,0,False
2.84584,3.6,-0.1244,.,.,False,0,0,False
2.862513,3.6,-0.1244,.,.,False,0,0,False
2.878954,3.6,-0.1244,.,.,False,0,0,False
2.894657,3.6,-0.1244,.,.,False,0,0,False
2.909363,3.6,-0.1244,.,.,False,0,0,False
2.924812,3.6,-0.1244,.,.,False,0,0,False
2.941494,3.6,-0.1244,.,.,False,0,0,False
2.957212,3.6,-0.1244,.,.,False,0,0,False
2.972227,3.6,-0.1244,.,.,False,0,0,False
2.988024,3.6,-0.1244,.,.,False,0,0,False
3.002985,3.6,-0.1244,.,.,False,0,0,False
3.018736,3.6,-0.1244,.,.,False,0,0,False
3.034204,3.6,-0.1244,.,.,False,0,0,False
3.050068,3.6,-0.1244,.,.,False,0,0,False
3.065466,3.6,-0.1244,.,.,False,0,0,False
3.081066,3.6,-0.1244,.,.,False,0,0,False
3.096457,3.6,-0.1244,.,.,False,0,0,False
3.111612,3.6,-0.1244,.,.,False,0,0,False
3.126856,3.6,-0.1244,.,.,False,0,0,False
3.141619,3.6,-0.1244,.,.,False,0,0,False
3.157278,3.6,-0.1244,.,.,False,0,0,False
3.172453,3.6,-0.1244,.,.,False,0,0,False
3.187922,3.6,-0.1244,.,.,False,0,0,False
3.203129,3.6,-0.1244,.,.,False,0,0,False
3.21875,3.6,-0.1244,.,.,False,0,0,False
3.235014,3.6,-0.1244,.,.,False,0,0,False
3.250851,3.6,-0.1244,.,.,False,0,0,False
3.266212,3.6,-0.1244,.,.,False,0,0,False
3.281832,3.6,-0.1244,.,.,False,0,0,False
3.297596,3.6,-0.1244,.,.,False,0,0,False
3.313614,3.6,-0.1244,.,.,False,0,0,False
3.329168,3.6,-0.1244,.,.,False,0,0,False
3.344931,3.6,-0.1244,.,.,False,0,0,False
3.359062,3.6,-0.1244,.,.,False,0,0,False
3.375896,3.6,-0.1244,.,.,False,0,0,False
3.392712,3.6,-0.1244,.,.,False,0,0,False
3.410727,3.6,-0.1244,.,.,False,0,0,False
3.42684,3.6,-0.1244,.,.,False,0,0,False
3.442831,3.6,-0.1244,.,.,False,0,0,False
3.458923,3.6,-0.1244,.,.,False,0,0,False
3.474365,3.6,-0.1244,.,.,False,0,0,False
3.489885,3.6,-0.1244,.,.,False,0,0,False
3.50498,3.6,-0.1244,.,.,False,0,0,False
3.520021,3.6,-0.1244,.,.,False,0,0,False
3.535404,3.6,-0.1244,.,.,False,0,0,False
3.55101,3.6,-0.1244,.,.,False,0,0,False
3.566055,3.6,-0.1244,.,.,False,0,0,False
3.581865,3.6,-0.1244,.,.,False,0,0,False
3.597193,3.6,-0.1244,.,.,False,0,0,False
3.612585,3.6,-0.1244,.,.,False,0,0,False
3.627939,3.6,-0.1244,.,.,False,0,0,False
3.642843,3.6,-0.1244,.,.,False,0,0,False
3.658215,3.6,-0.1244,.,.,False,0,0,False
3.674013,3.6,-0.1244,.,.,False,0,0,False
3.68977,3.6,-0.1244,.,.,False,0,0,False
3.704729,3.6,-0.1244,.,.,False,0,0,False
3.720476,3.6,-0.1244,.,.,False,0,0,False
3.735506,3.6,-0.1244,.,.,False,0,0,False
3.751181,3.6,-0.1244,.,.,False,0,0,False
3.766689,3.6,-0.1244,.,.,False,0,0,False
3.782183,3.6,-0.1244,.,.,False,0,0,False
3.79771,3.6,-0.1244,.,.,False,0,0,False
3.812983,3.6,-0.1244,.,.,False,0,0,False
3.82823,3.6,-0.1244,.,.,False,0,0,False
3.843271,3.6,-0.1244,.,.,False,0,0,False
3.859074,3.6,-0.1244,.,.,False,0,0,False
3.874657,3.6,-0.1244,.,.,False,0,0,False
3.89031,3.6,-0.1244,.,.,False,0,0,False
3.905935,3.6,-0.1244,.,.,False,0,0,False
3.921373,3.6,-0.1244,.,.,False,0,0,False
3.937124,3.6,-0.1244,.,.,False,0,0,False
3.952291,3.6,-0.1244,.,.,False,0,0,False
3.968081,3.6,-0.1244,.,.,False,0,0,False
3.983595,3.6,-0.1244,.,.,False,0,0,False
3.999086,3.6,-0.1244,.,.,False,0,0,False
4.018227,3.6,-0.1244,.,.,False,0,0,False
4.033762,3.6,-0.1244,.,.,False,0,0,False
4.04744,3.6,-0.1244,.,.,False,0,0,False
4.063101,3.6,-0.1244,.,.,False,0,0,False
4.078596,3.6,-0.1244,.,.,False,0,0,False
4.092758,3.6,-0.1244,.,.,False,0,0,False
4.109364,3.6,-0.1244,.,.,False,0,0,False
4.125591,3.6,-0.1244,.,.,False,0,0,False
4.141256,3.6,-0.1244,.,.,False,0,0,False
4.156864,3.6,-0.1244,.,.,False,0,0,False
4.177095,3.6,-0.1243999,.,.,False,0,0,False
4.191311,3.6,-0.1243998,.,.,False,0.1354775,0,False
4.206419,3.6,-0.1243998,.,.,False,0.072396,0,False
4.222092,3.6,-0.1243997,.,.,False,0.03460903,0,False
4.238708,3.6,-0.1243997,.,.,False,0.001824865,0,False
4.256432,3.6,-0.1243997,.,.,False,0.001824865,0,False
4.275494,3.6,-0.1243997,.,.,False,0.01259297,0,False
4.289438,3.6,-0.1243997,.,.,False,0.02093798,0,False
4.304399,3.6,-0.1243997,.,.,False,0.0256495,0,False
4.319765,3.6,-0.1243997,.,.,False,0.0272876,0,False
4.335455,3.6,-0.1243997,.,.,False,0.0272876,0,False
4.354019,3.6,-0.1243997,.,.,False,0.02567099,0,False
4.368748,3.6,-0.1243997,.,.,False,0.02482973,0,False
4.38508,3.6,-0.1243996,.,.,False,0.02105888,0,False
4.401592,3.6,-0.1243996,.,.,False,0.01845744,0,False
4.419329,3.6,-0.1243996,.,.,False,0.01655985,0,False
4.434553,3.6,-0.1243996,.,.,False,0.01655985,0,False
4.450056,3.6,-0.1243996,.,.,False,0.01404522,0,False
4.46612,3.6,-0.1243996,.,.,False,0.0110754,0,False
4.482164,3.6,-0.1243996,.,.,False,0.009409158,0,False
4.497665,3.6,-0.1243996,.,.,False,0.009409158,0,False
4.513016,3.6,-0.1243996,.,.,False,0.006868646,0,False
4.528292,3.6,-0.1243996,.,.,False,0.00519019,0,False
4.543638,3.6,-0.1243996,.,.,False,0.003770148,0,False
4.55842,3.6,-0.1243996,.,.,False,0.0026545,0,False
4.575312,3.6,-0.1243996,.,.,False,0.0026545,0,False
4.594593,3.601821,-0.1243996,.,.,False,0.001194212,0,False
4.60787,3.601398,-0.1243995,.,.,False,0.3276668,0,False
4.624081,3.601345,-0.1243995,.,.,False,0.07616481,0,False
4.640017,3.601579,-0.1243995,.,.,False,0.009548153,0,False
4.655428,3.601579,-0.1243995,.,.,False,0.009548153,0,False
4.670574,3.60128,-0.1243995,.,.,False,0.04222584,0,False
4.686089,3.603156,-0.1243995,.,.,False,0.05389037,0,False
4.701639,3.605168,-0.1243995,.,.,False,0.3376319,0,False
4.717354,3.605168,-0.1243995,.,.,False,0.3376319,0,False
4.732525,3.607076,-0.1243995,.,.,False,0.3622978,0,False
4.751408,3.610618,-0.1243995,.,.,False,0.3434653,0,False
4.767113,3.614326,-0.1243994,.,.,False,0.6374335,0,False
4.783504,3.619041,-0.1243994,.,.,False,0.6675292,0,False
4.7992,3.624847,-0.1243994,.,.,False,0.8486623,0,False
4.814369,3.624847,-0.1243994,.,.,False,0.8486623,0,False
4.829918,3.630817,-0.1243994,.,.,False,1.045101,0,False
4.845955,3.638319,-0.1243994,.,.,False,1.074531,0,False
4.862823,3.6459,-0.1244333,.,.,False,1.350355,0.63255,False
4.881105,3.654265,-0.1244918,.,.,False,1.364458,1.318133,False
4.895847,3.654265,-0.1244918,.,.,False,1.364458,1.318133,False
4.911612,3.664352,-0.1245865,.,.,False,1.505913,2.462119,False
4.92952,3.675367,-0.1247392,.,.,False,1.815718,3.133631,False
4.946466,3.687812,-0.1249473,.,.,False,1.982913,3.769129,False
4.961939,3.701069,-0.1252091,.,.,False,2.24028,4.349366,False
4.977169,3.701069,-0.1252091,.,.,False,2.24028,4.349366,False
4.991858,3.714932,-0.1255697,.,.,False,2.386742,5.471344,False
5.007553,3.729683,-0.1260048,.,.,False,2.496211,6.05991,False
5.023415,3.744366,-0.1265356,.,.,False,2.656465,6.654743,False
5.038458,3.760923,-0.1271604,.,.,False,2.644574,7.218863,False
5.053831,3.760923,-0.1271604,.,.,False,2.644574,7.218863,False
5.069363,3.780071,-0.1279747,.,.,False,2.982341,8.377796,False
5.084768,3.800402,-0.1289889,.,.,False,3.449734,8.955473,False
5.100903,3.821715,-0.1301938,.,.,False,3.664287,9.560539,False
5.116837,3.821715,-0.1301938,.,.,False,3.664287,9.560539,False
5.132776,3.843556,-0.1315961,.,.,False,3.842319,10.75576,False
5.147921,3.865196,-0.1331719,.,.,False,3.939492,11.32368,False
5.163626,3.889925,-0.1350565,.,.,False,3.905513,11.91262,False
5.178591,3.914423,-0.1372586,.,.,False,4.464215,12.47383,False
5.194113,3.914423,-0.1372586,.,.,False,4.464215,12.47383,False
5.209997,3.939869,-0.1396338,.,.,False,4.427408,12.5,False
5.226589,3.965535,-0.1422363,.,.,False,4.600032,12.5,False
5.244062,3.994121,-0.1452165,.,.,False,4.643672,12.5,False
5.262831,4.02241,-0.1484743,.,.,False,5.173273,12.5,False
5.279064,4.05039,-0.1519196,.,.,False,5.125664,12.5,False
5.293961,4.05039,-0.1519196,.,.,False,5.125664,12.5,False
5.308722,4.081282,-0.1558028,.,.,False,5.074621,12.5,False
5.324793,4.111436,-0.1599586,.,.,False,5.604122,12.5,False
5.341461,4.144807,-0.1646753,.,.,False,5.479012,12.5,False
5.359287,4.177933,-0.1697355,.,.,False,6.066606,12.5,False
5.37429,4.177933,-0.1697355,.,.,False,6.066606,12.5,False
5.39072,4.212122,-0.175221,.,.,False,6.031817,12.5,False
5.405432,4.248144,-0.1812613,.,.,False,6.232776,12.5,False
5.422825,4.283991,-0.1876822,.,.,False,6.574307,12.5,False
5.437189,4.283991,-0.1876822,.,.,False,6.574307,12.5,False
5.45392,4.321851,-0.194741,.,.,False,6.55514,12.5,False
5.468796,4.359453,-0.2021851,.,.,False,6.932238,12.5,False
5.485109,4.397712,-0.2101291,.,.,False,6.899737,12.5,False
5.49992,4.435852,-0.2184674,.,.,False,7.03357,12.5,False
5.517305,4.435852,-0.2184674,.,.,False,7.03357,12.5,False
5.531448,4.476041,-0.2275883,.,.,False,7.027272,12.5,False
5.546843,4.517124,-0.2373642,.,.,False,7.418119,12.5,False
5.561947,4.558615,-0.2477252,.,.,False,7.601415,12.5,False
5.578749,4.601908,-0.2589695,.,.,False,7.697742,12.5,False
5.592384,4.601908,-0.2589695,.,.,False,7.697742,12.5,False
5.60915,4.645342,-0.2708014,.,.,False,8.05131,11.87129,False
5.628906,4.689123,-0.283261,.,.,False,8.103045,11.13044,False
5.642382,4.735212,-0.2968631,.,.,False,8.193337,10.62509,False
5.657343,4.735212,-0.2968631,.,.,False,8.193337,10.62509,False
5.673689,4.781006,-0.3110309,.,.,False,8.649789,9.451071,False
5.688944,4.827528,-0.3260158,.,.,False,8.628488,8.879026,False
5.704391,4.87529,-0.3420013,.,.,False,8.797671,8.299734,False
5.719366,4.923135,-0.3587103,.,.,False,9.06577,7.738176,False
5.735102,4.923135,-0.3587103,.,.,False,9.06577,7.738176,False
5.750551,4.971967,-0.3764207,.,.,False,9.122272,6.568717,False
5.766413,5.021352,-0.3950478,.,.,False,9.349994,5.973937,False
5.781734,5.070159,-0.4142259,.,.,False,9.500646,5.399365,False
5.797363,5.070159,-0.4142259,.,.,False,9.500646,5.399365,False
5.812895,5.12029,-0.434628,.,.,False,9.4391,4.230862,False
5.828306,5.170242,-0.4557652,.,.,False,9.742188,3.652938,False
5.844179,5.220767,-0.4779463,.,.,False,9.763353,3.057716,False
5.858833,5.272832,-0.5015987,.,.,False,9.932416,2.508198,False
5.874416,5.272832,-0.5015987,.,.,False,9.932416,2.508198,False
5.89012,5.32527,-0.5263445,.,.,False,10.29333,1.334954,False
5.905182,5.378233,-0.5522608,.,.,False,10.43702,0.7701031,False
5.920656,5.430505,-0.5788251,.,.,False,10.61361,0.1898056,False
5.935717,5.430505,-0.5788251,.,.,False,10.61361,0.1898056,False
5.954636,5.484814,-0.6073378,.,.,False,10.55411,0,False
5.967831,5.538961,-0.6368426,.,.,False,11.04099,0,False
5.983646,5.593508,-0.6676337,.,.,False,11.09952,0,False
5.999054,5.649153,-0.7001354,.,.,False,11.2748,0,False
6.014133,5.649153,-0.7001354,.,.,False,11.2748,0,False
6.029871,5.704388,-0.7336115,.,.,False,11.59951,0,False
6.044983,5.760113,-0.7685785,.,.,False,11.62579,0,False
6.059692,5.815662,-0.8046993,.,.,False,11.84177,0,False
6.075142,5.815662,-0.8046993,.,.,False,11.84177,0,False
6.090908,5.871928,-0.8425602,.,.,False,11.92678,0,False
6.106203,5.927199,-0.8811414,.,.,False,12.20727,0,False
6.122747,5.982061,-0.9205981,.,.,False,12.13293,-0.6204451,False
6.141226,6.037283,-0.9613965,.,.,False,12.16377,-1.313351,False
6.154772,6.037283,-0.9613965,.,.,False,12.16377,-1.313351,False
6.170221,6.092683,-1.003379,.,.,False,12.35861,-2.400682,False
6.186113,6.148389,-1.046605,.,.,False,12.51175,-2.996633,False
6.201939,6.204824,-1.091354,.,.,False,12.69179,-3.590137,False
6.217442,6.204824,-1.091354,.,.,False,12.69179,-3.590137,False
6.23255,6.261234,-1.137005,.,.,False,12.96426,-4.73805,False
6.248039,6.317833,-1.183662,.,.,False,13.06214,-5.31891,False
6.263557,6.375508,-1.231974,.,.,False,13.20321,-5.90079,False
6.279318,6.433671,-1.281423,.,.,False,13.54253,-6.491857,False
6.294645,6.433671,-1.281423,.,.,False,13.54253,-6.491857,True
6.314049,6.491896,-1.331573,.,.,False,13.74151,-7.79425,True
6.331144,6.549875,-1.382064,.,.,False,13.83212,-8.43534,True
6.345232,6.609131,-1.43411,.,.,False,13.83885,-8.963632,True
6.359247,6.668932,-1.486997,.,.,False,14.19603,-9.489191,True
6.375101,6.668932,-1.486997,.,.,False,14.19603,-9.489191,True
6.390919,6.729391,-1.540725,.,.,False,14.36987,-10.67685,True
6.411039,6.789584,-1.594365,.,.,False,14.55879,-11.43138,True
6.424471,6.850257,-1.648456,.,.,False,14.51242,-11.93505,True
6.441521,6.912071,-1.703466,.,.,False,14.63123,-12.5,True
6.457287,6.912071,-1.703466,.,.,False,14.63123,-12.5,True
6.47286,6.974491,-1.758795,.,.,False,14.89447,-12.5,True
6.487858,7.037601,-1.81438,.,.,False,15.014,-12.5,True
6.502792,7.101862,-1.870491,.,.,False,15.13781,-12.5,True
6.517977,7.101862,-1.870491,.,.,False,15.13781,-12.5,True
6.5334,7.167006,-1.926733,.,.,False,15.35592,-12.5,True
6.549717,7.233009,-1.982937,.,.,False,15.49144,-12.5,True
6.564835,7.30052,-2.039492,.,.,False,15.60439,-12.5,True
6.580477,7.369317,-2.096029,.,.,False,15.85245,-12.5,True
6.595818,7.369317,-2.096029,.,.,False,15.85245,-12.5,True
6.611147,7.438753,-2.151836,.,.,False,16.02845,-12.5,True
6.626245,7.510073,-2.20776,.,.,False,16.0349,-12.5,True
6.64152,7.582475,-2.262967,.,.,False,16.31364,-12.5,True
6.65675,7.582475,-2.262967,.,.,False,16.31364,-12.5,True
6.672897,7.656533,-2.317706,.,.,False,16.38876,-12.5,True
6.687147,7.732201,-2.371735,.,.,False,16.57658,-12.5,True
6.703815,7.809238,-2.424685,.,.,False,16.73586,-12.5,True
6.718035,7.809238,-2.424685,.,.,False,16.73586,-12.5,True
6.73447,7.888144,-2.476708,.,.,False,16.82627,-12.5,True
6.749187,7.968757,-2.527487,.,.,False,17.01222,-12.5,True
6.765644,8.050914,-2.576703,.,.,False,17.14915,-12.5,True
6.780199,8.13514,-2.624482,.,.,False,17.2387,-12.5,True
6.796974,8.13514,-2.624482,.,.,False,17.2387,-12.5,True
6.811529,8.220494,-2.670475,.,.,False,17.4303,-12.5,True
6.826693,8.30778,-2.714556,.,.,False,17.45259,-12.5,True
6.841846,8.397182,-2.757267,.,.,False,17.60136,-12.5,True
6.858307,8.48805,-2.798072,.,.,False,17.83483,-12.5,True
6.873314,8.48805,-2.798072,.,.,False,17.83483,-12.5,True
6.889475,8.580614,-2.837224,.,.,False,17.92963,-12.5,True
6.903559,8.683286,-2.876127,.,.,False,18.09082,-12.5,True
6.921343,8.782085,-2.91093,.,.,False,19.76592,-12.5,True
6.934799,8.782085,-2.91093,.,.,False,19.76592,-12.5,True
6.953089,8.877023,-2.941433,.,.,False,18.85572,-12.5,True
6.967943,8.977556,-2.971385,.,.,False,17.9491,-12.5,True
6.986599,9.070333,-2.995024,.,.,False,18.88266,-12.5,True
7.001648,9.168687,-3.017717,.,.,False,17.23358,-12.5,True
7.018061,9.168687,-3.017717,.,.,False,17.23358,-12.5,True
7.03257,9.274345,-3.038805,.,.,False,18.16924,-12.5,True
7.049295,9.372065,-3.055906,.,.,False,19.39386,-12.5,True
7.063559,9.475975,-3.071643,.,.,False,17.85681,-12.5,True
7.079313,9.59018,-3.086117,.,.,False,18.91897,-12.5,True
7.095707,9.59018,-3.086117,.,.,False,18.91897,-12.5,True
7.110067,9.697327,-3.096469,.,.,False,20.72287,-11.96155,True
7.130966,9.811504,-3.103284,.,.,False,19.37658,-11.17779,True
7.144753,9.916322,-3.107401,.,.,False,20.58887,-10.6608,True
7.159054,10.02737,-3.109846,.,.,False,18.8833,-10.12451,True
7.176041,10.02737,-3.109846,.,.,False,18.8833,-10.12451,True
7.19178,10.12912,-3.109098,.,.,False,19.99458,-8.897259,True
7.207693,10.23682,-3.104707,.,.,False,18.31551,-8.300577,True
7.223381,10.3474,-3.098097,.,.,False,19.40113,-7.712288,True
7.238798,10.46873,-3.086497,.,.,False,19.94049,-7.134117,True
7.254225,10.46873,-3.086497,.,.,False,19.94049,-7.134117,True
7.269228,10.58195,-3.072366,.,.,False,21.94087,-5.993003,True
7.285025,10.68402,-3.054842,.,.,False,20.53679,-5.400609,True
7.30286,10.78941,-3.034431,.,.,False,18.64271,0,True
7.321562,10.8999,-3.010648,.,.,False,19.32271,0.7012875,True
7.335285,10.8999,-3.010648,.,.,False,19.32271,0.7012875,True
7.351215,11.01591,-2.983371,.,.,False,20.34311,1.813279,True
7.368086,11.12632,-2.9548,.,.,False,21.45229,2.445911,True
7.38377,11.24325,-2.922043,.,.,False,20.52774,3.034117,True
7.399458,11.35366,-2.888887,.,.,False,21.85697,3.622402,True
7.416239,11.35366,-2.888887,.,.,False,21.85697,3.622402,True
7.43148,11.47165,-2.851107,.,.,False,20.75101,4.823216,True
7.447748,11.58233,-2.813897,.,.,False,22.30033,5.433278,True
7.464266,11.70203,-2.77127,.,.,False,21.0184,4.813868,True
7.482315,11.81362,-2.729776,.,.,False,22.87147,4.137041,True
7.495596,11.81362,-2.729776,.,.,False,22.87147,4.137041,True
7.511,11.93618,-2.681655,.,.,False,21.43022,3.061308,True
7.525969,12.05048,-2.634939,.,.,False,23.70005,2.499986,True
7.541975,12.15598,-2.589241,.,.,False,22.2262,1.899757,True
7.557751,12.15598,-2.589241,.,.,False,22.2262,1.899757,True
7.573473,12.26432,-2.540274,.,.,False,20.69528,0.7185933,True
7.590307,12.3778,-2.48671,.,.,False,21.4004,0.08732956,True
7.60549,12.49669,-2.428579,.,.,False,22.58726,0,True
7.620346,12.61007,-2.370708,.,.,False,23.8207,0,True
7.635847,12.61007,-2.370708,.,.,False,23.8207,0,True
7.651201,12.72237,-2.310948,.,.,False,22.9138,0,True
7.667036,12.84025,-2.245643,.,.,False,22.89738,0,True
7.682184,12.95166,-2.181495,.,.,False,24.25773,0,True
7.697773,12.95166,-2.181495,.,.,False,24.25773,0,True
7.713659,13.06745,-2.11198,.,.,False,23.13999,0,True
7.728985,13.17641,-2.044092,.,.,False,24.3098,0,True
7.744356,13.2936,-1.968018,.,.,False,23.10796,0,True
7.759148,13.40498,-1.893771,.,.,False,25.14864,0,True
7.774799,13.40498,-1.893771,.,.,False,25.14864,0,True
7.790777,13.50981,-1.81926,.,.,False,24.09642,0,True
7.806385,13.61728,-1.740623,.,.,False,23.14965,0,True
7.821981,13.72677,-1.657632,.,.,False,23.97001,0,True
7.837177,13.72677,-1.657632,.,.,False,23.97001,0,True
7.853752,13.82991,-1.576692,.,.,False,24.73012,0,True
7.872709,13.93817,-1.488434,.,.,False,23.59978,0,True
7.892118,14.03973,-1.402774,.,.,False,25.14175,0,True
7.901905,14.14707,-1.308659,.,.,False,23.91566,0,True
7.919544,14.24767,-1.217738,.,.,False,25.69589,0.6615112,True
7.938498,14.35356,-1.119513,.,.,False,24.40775,1.372223,True
7.952337,14.35356,-1.119513,.,.,False,24.40775,1.372223,False
7.968395,14.45087,-1.025746,.,.,False,25.99829,2.493386,False
7.984398,14.55444,-0.9237729,.,.,False,24.32445,3.09354,False
8.00042,14.65261,-0.8250625,.,.,False,26.16195,3.694297,False
8.015768,14.65261,-0.8250625,.,.,False,26.16195,3.694297,False
8.031761,14.75698,-0.7180916,.,.,False,25.05999,4.869641,False
8.051561,14.85652,-0.615013,.,.,False,26.90043,5.61216,False
8.06917,14.94874,-0.5186374,.,.,False,25.79375,6.272449,False
8.08416,15.04436,-0.4181455,.,.,False,24.00963,6.834593,False
8.099541,15.1439,-0.3133919,.,.,False,24.96853,7.411376,False
8.114931,15.1439,-0.3133919,.,.,False,24.96853,7.411376,False
8.130484,15.24419,-0.2082171,.,.,False,26.01165,8.571709,False
8.147509,15.34481,-0.1031738,.,.,False,26.15801,7.933234,False
8.165009,15.44954,0.00551013,.,.,False,26.18288,7.277033,False
8.178244,15.5505,0.1095521,.,.,False,27.16824,6.780653,False
8.192432,15.5505,0.1095521,.,.,False,27.16824,6.780653,False
8.208496,15.65935,0.2208141,.,.,False,26.0952,5.646247,False
8.224524,15.76403,0.326996,.,.,False,28.01794,5.04516,False
8.241047,15.86562,0.4288046,.,.,False,26.83852,5.664757,False
8.260891,15.97226,0.5341014,.,.,False,25.88898,6.408893,False
8.274195,15.97226,0.5341014,.,.,False,25.88898,6.408893,False
8.290384,16.08427,0.6427839,.,.,False,26.97587,7.514932,False
8.308504,16.19318,0.7461857,.,.,False,28.09217,8.194425,False
8.324903,16.31084,0.8549114,.,.,False,27.03163,8.809376,False
8.34173,16.42525,0.9574965,.,.,False,28.83709,9.440389,False
8.358732,16.53479,1.05195,.,.,False,27.65919,10.07793,False
8.37463,16.53479,1.05195,.,.,False,27.65919,10.07793,False
8.390972,16.6504,1.14734,.,.,False,26.0361,11.28698,False
8.407509,16.77338,1.244595,.,.,False,26.97857,10.66686,False
8.428534,16.89186,1.334321,.,.,False,28.22218,9.878455,False
8.442459,17.0176,1.425,.,.,False,26.75147,9.356268,False
8.457518,17.0176,1.425,.,.,False,26.75147,9.356268,False
8.473043,17.15186,1.517568,.,.,False,27.90446,8.209346,False
8.488981,17.28312,1.603938,.,.,False,29.35482,7.611685,False
8.503252,17.41418,1.685728,.,.,False,28.28331,7.076474,False
8.519119,17.55506,1.769032,.,.,False,27.80721,6.481473,False
8.535763,17.55506,1.769032,.,.,False,27.80721,6.481473,False
8.553925,17.69214,1.846289,.,.,False,29.45944,-0.6810862,False
8.567493,17.83879,1.924821,.,.,False,28.32322,-1.189924,False
8.583498,17.98102,1.997815,.,.,False,29.944,-1.790036,False
8.599592,18.12408,2.068069,.,.,False,28.77648,-2.393591,False
8.615793,18.12408,2.068069,.,.,False,28.77648,-2.393591,False
8.631433,18.27698,2.140275,.,.,False,28.68844,-3.587647,False
8.646883,18.42512,2.208142,.,.,False,30.43607,-4.166981,False
8.662029,18.56747,2.271537,.,.,False,29.33025,-4.734997,False
8.677383,18.56747,2.271537,.,.,False,29.33025,-4.734997,False
8.692047,18.71653,2.336277,.,.,False,28.04911,-5.860639,False
8.708488,18.86769,2.400858,.,.,False,29.25237,-6.477217,False
8.723907,19.00901,2.46068,.,.,False,29.58739,-7.055419,False
8.739353,19.15569,2.522412,.,.,False,27.62439,-7.634659,False
8.754612,19.15569,2.522412,.,.,False,27.62439,-7.634659,False
8.76951,19.30813,2.586633,.,.,False,28.64444,-8.765513,False
8.784565,19.45593,2.64943,.,.,False,29.77518,-9.33008,False
8.800098,19.61057,2.7161,.,.,False,28.90569,-9.912544,False
8.815369,19.61057,2.7161,.,.,False,28.90569,-9.912544,False
8.832167,19.75617,2.780227,.,.,False,30.31117,-11.11513,False
8.847582,19.90749,2.848908,.,.,False,28.63806,-11.69319,False
8.863192,20.06103,2.920964,.,.,False,29.91112,-12.27854,False
8.878515,20.20831,2.99295,.,.,False,30.5298,-12.5,False
8.893915,20.20831,2.99295,.,.,False,30.5298,-12.5,False
8.908329,20.36327,3.072394,.,.,False,29.50669,-12.5,False
8.9242,20.51087,3.15191,.,.,False,31.34619,-12.5,False
8.939995,20.64762,3.230086,.,.,False,30.17822,-12.5,False
8.955202,20.64762,3.230086,.,.,False,30.17822,-12.5,False
8.97081,20.78684,3.315159,.,.,False,28.35319,-12.5,False
8.987673,20.93094,3.408695,.,.,False,29.36763,-11.86769,False
9.006073,21.06738,3.502575,.,.,False,30.92276,-11.17764,False
9.021624,21.20205,3.601325,.,.,False,29.81137,-10.5945,False
9.038109,21.33043,3.701346,.,.,False,30.05904,-9.976287,False
9.056982,21.33043,3.701346,.,.,False,30.05904,-9.976287,False
9.075911,21.46328,3.811269,.,.,False,29.29408,0.7098412,False
9.089201,21.58844,3.920241,.,.,False,31.03784,1.208205,False
9.104288,21.70711,4.029079,.,.,False,29.87139,1.773994,False
9.119986,21.82823,4.145659,.,.,False,28.9843,2.362646,False
9.137003,21.82823,4.145659,.,.,False,28.9843,2.362646,False
9.153595,21.93974,4.257215,.,.,False,30.25966,3.62301,False
9.168631,22.05328,4.37535,.,.,False,28.39145,4.186834,False
9.183975,22.1709,4.501556,.,.,False,29.4928,4.762279,False
9.199137,22.28308,4.624825,.,.,False,31.05405,5.330857,False
9.21434,22.28308,4.624825,.,.,False,31.05405,5.330857,False
9.229784,22.3946,4.750155,.,.,False,30.00056,6.480075,False
9.245277,22.49822,4.868545,.,.,False,30.19754,7.061137,True
9.260347,22.60486,4.992232,.,.,False,28.31929,7.626229,True
9.275316,22.60486,4.992232,.,.,False,28.31929,7.626229,True
9.291016,22.71632,5.122664,.,.,False,29.39666,8.776294,True
9.307814,22.82379,5.248792,.,.,False,30.88223,9.406207,True
9.328022,22.93648,5.380995,.,.,False,29.82626,10.16402,True
9.345856,23.0455,5.50817,.,.,False,31.26899,10.8328,True
9.360237,23.15198,5.630997,.,.,False,30.15095,11.37209,True
9.374157,23.15198,5.630997,.,.,False,30.15095,11.37209,True
9.390745,23.26487,5.759151,.,.,False,29.25983,12.5,True
9.405495,23.37491,5.881508,.,.,False,30.74124,12.5,True
9.421574,23.49386,6.01015,.,.,False,29.62118,12.5,True
9.436432,23.49386,6.01015,.,.,False,29.62118,12.5,True
9.451933,23.61024,6.132225,.,.,False,31.5374,12.5,True
9.469307,23.7227,6.245628,.,.,False,30.35918,12.5,True
9.485615,23.84218,6.360657,.,.,False,28.74771,12.5,True
9.502838,23.97113,6.479011,.,.,False,29.85374,12.5,True
9.519407,24.09835,6.589989,.,.,False,31.50619,12.5,True
9.534567,24.09835,6.589989,.,.,False,31.50619,12.5,True
9.549919,24.2224,6.691772,.,.,False,30.3872,12.5,True
9.56653,24.35514,6.793336,.,.,False,28.88334,12.5,True
9.581226,24.48959,6.889177,.,.,False,30.08582,12.5,True
9.597767,24.48959,6.889177,.,.,False,30.08582,12.5,True
9.61237,24.6318,6.982741,.,.,False,29.719,12.5,True
9.629557,24.77181,7.067696,.,.,False,30.64222,11.85545,True
9.647776,24.92307,7.151365,.,.,False,29.47858,11.17227,True
9.661844,25.07131,7.226239,.,.,False,31.11427,10.64468,True
9.676134,25.07131,7.226239,.,.,False,31.11427,10.64468,True
9.692234,25.21346,7.29133,.,.,False,29.89274,9.505041,True
9.708181,25.36325,7.351882,.,.,False,28.14304,8.907036,True
9.724136,25.52245,7.40897,.,.,False,29.08061,8.308719,True
9.739632,25.67763,7.45808,.,.,False,30.44275,7.727638,True
9.757692,25.67763,7.45808,.,.,False,30.44275,7.727638,True
9.774189,25.84342,7.503897,.,.,False,29.29813,0,True
9.799133,26.15678,7.573205,.,.,False,29.76805,-0.9353775,True
9.808311,26.15678,7.573205,.,.,False,29.76805,-0.9353775,True
9.824146,26.3156,7.59919,.,.,False,28.00828,-1.873358,True
9.840212,26.48235,7.621247,.,.,False,28.96621,-2.475806,True
9.859388,26.64358,7.638311,.,.,False,30.27737,-3.194929,True
9.873819,26.64358,7.638311,.,.,False,30.27737,-3.194929,False
9.888811,26.81514,7.652054,.,.,False,29.1828,-4.298287,False
9.904673,26.98051,7.661779,.,.,False,30.97967,-4.893105,False
9.919771,27.13682,7.66767,.,.,False,29.81796,-5.459321,False
9.935719,27.13682,7.66767,.,.,False,29.81796,-5.459321,False
9.951197,27.29874,7.67052,.,.,False,28.15701,-6.637774,False
9.970398,27.46819,7.670862,.,.,False,29.14984,-7.357774,False
9.988195,27.63174,7.669227,.,.,False,30.50099,-8.025207,False
10.00326,27.80578,7.665491,.,.,False,29.44063,-8.589983,False
10.01851,27.97341,7.66061,.,.,False,31.33333,-9.161862,False
10.03399,27.97341,7.66061,.,.,False,31.33333,-9.161862,False
10.04993,28.13088,7.655054,.,.,False,30.18689,-10.34044,False
10.06567,28.2941,7.648481,.,.,False,28.36254,-10.93065,False
10.08515,28.46573,7.641181,.,.,False,29.40258,-11.66108,False
10.10198,28.63145,7.634241,.,.,False,30.92288,-12.29217,False
10.11753,28.63145,7.634241,.,.,False,30.92288,-12.29217,False
10.13529,28.8044,7.627236,.,.,False,29.85513,-11.83382,False
10.15328,28.97118,7.620902,.,.,False,31.15619,-11.15927,False
10.1677,29.13934,7.615115,.,.,False,30.04255,-10.61865,False
10.1833,29.29672,7.610327,.,.,False,30.28545,-10.03337,False
10.19933,29.4601,7.606153,.,.,False,28.34206,-9.432533,False
10.21484,29.4601,7.606153,.,.,False,28.34206,-9.432533,False
10.23051,29.63139,7.602564,.,.,False,29.41785,-8.263257,False
10.24607,29.79687,7.599834,.,.,False,30.84,-7.679686,False
10.26159,29.97247,7.597829,.,.,False,29.78977,-7.097633,False
10.27684,29.97247,7.597829,.,.,False,29.78977,-7.097633,False
10.2914,30.14171,7.596663,.,.,False,31.60999,-5.979687,False
10.3071,30.30286,7.59636,.,.,False,30.46479,-5.391027,False
10.32237,30.47082,7.596966,.,.,False,29.0057,-4.818312,False
10.33724,30.47082,7.596966,.,.,False,29.0057,-4.818312,False
10.35255,30.64036,7.598419,.,.,False,30.23279,-3.686648,False
10.3678,30.80251,7.6006,.,.,False,30.51938,-3.114807,False
10.38344,30.97265,7.603805,.,.,False,29.19004,-2.528341,False
10.39884,31.13454,7.607617,.,.,False,30.63017,-1.95074,False
10.41565,31.13454,7.607617,.,.,False,30.63017,-1.95074,False
10.43237,31.30446,7.612339,.,.,False,29.14762,0,False
10.45167,31.46353,7.617096,.,.,False,30.59841,0.7238513,False
10.46642,31.62903,7.622235,.,.,False,28.64414,1.276804,False
10.48297,31.80368,7.627534,.,.,False,29.80464,1.897549,False
10.50001,31.97247,7.632115,.,.,False,31.45151,2.536564,False
10.51648,31.97247,7.632115,.,.,False,31.45151,2.536564,False
10.53277,32.13399,7.635572,.,.,False,30.39397,3.765214,False
10.54922,32.30227,7.637752,.,.,False,29.08018,4.382048,False
10.56561,32.47411,7.638202,.,.,False,30.29283,4.996395,False
10.58227,32.64022,7.63668,.,.,False,30.93248,4.371502,False
10.60027,32.81545,7.632664,.,.,False,29.90138,3.69654,False
10.61384,32.81545,7.632664,.,.,False,29.90138,3.69654,True
10.62948,32.98425,7.626531,.,.,False,31.54907,2.601195,True
10.64488,33.14261,7.618444,.,.,False,30.40266,2.023436,True
10.65932,33.3065,7.607367,.,.,False,28.54294,1.482172,True
10.67494,33.3065,7.607367,.,.,False,28.54294,1.482172,True
10.69124,33.47827,7.593175,.,.,False,29.56672,0.2850899,True
10.70655,33.64386,7.577139,.,.,False,31.02362,0,True
10.72208,33.81867,7.557457,.,.,False,29.94541,0,True
10.74183,33.98688,7.536139,.,.,False,31.66474,0,True
10.75947,34.14499,7.513597,.,.,False,30.5207,0,True
10.77316,34.14499,7.513597,.,.,False,30.5207,0,True
10.788,34.30852,7.487484,.,.,False,28.74709,0,True
10.80294,34.48074,7.457295,.,.,False,29.80842,0,True
10.81847,34.64659,7.425817,.,.,False,31.47242,0,True
10.83387,34.64659,7.425817,.,.,False,31.47242,0,True
10.85018,34.80624,7.39298,.,.,False,30.38559,0,True
10.86577,34.97282,7.355902,.,.,False,29.33927,0,True
10.88106,35.12906,7.318785,.,.,False,30.71816,0,True
10.89606,35.12906,7.318785,.,.,False,30.71816,0,True
10.91228,35.29111,7.277697,.,.,False,28.90548,-0.6080025,True
10.9307,35.46183,7.232211,.,.,False,30.09183,-1.298884,True
10.94477,35.6264,7.186707,.,.,False,31.80131,-1.826314,True
10.95875,35.78544,7.141295,.,.,False,30.73332,-2.350815,True
10.97544,35.78544,7.141295,.,.,False,30.73332,-2.350815,True
10.99127,35.95419,7.091785,.,.,False,29.77243,-3.57036,True
11.00695,36.11668,7.043439,.,.,False,31.6543,-4.158135,True
11.02191,36.27179,6.996984,.,.,False,30.51621,-4.719049,True
11.03703,36.27179,6.996984,.,.,False,30.51621,-4.719049,True
11.05262,36.43382,6.94842,.,.,False,29.14439,-5.870786,True
11.06784,36.58828,6.902582,.,.,False,30.44829,-6.441585,True
11.08531,36.74973,6.855575,.,.,False,29.00158,-7.096553,True
11.10232,36.91473,6.808843,.,.,False,30.26738,-7.734619,True
11.11867,37.07473,6.765315,.,.,False,30.86749,-8.347557,True
11.13378,37.07473,6.765315,.,.,False,30.86749,-8.347557,True
11.14907,37.24453,6.721634,.,.,False,29.84755,-9.487711,True
11.16491,37.40876,6.682054,.,.,False,31.55761,-10.08172,True
11.18018,37.5643,6.647806,.,.,False,30.4087,-10.65426,True
11.19515,37.5643,6.647806,.,.,False,30.4087,-10.65426,True
11.20926,37.72641,6.616114,.,.,False,28.66748,-11.74501,True
11.22474,37.89837,6.58665,.,.,False,29.73178,-12.32525,True
11.24136,38.06488,6.562176,.,.,False,31.4034,-11.702,True
11.26107,38.22179,6.543392,.,.,False,30.29521,-10.96268,True
11.27421,38.22179,6.543392,.,.,False,30.29521,-10.96268,True
11.28971,38.38476,6.528756,.,.,False,28.44432,-9.888803,True
11.30498,38.55612,6.517987,.,.,False,29.45367,-9.316032,True
11.3201,38.72158,6.511856,.,.,False,30.9055,-8.749246,True
11.33624,38.72158,6.511856,.,.,False,30.9055,-8.749246,True
11.35149,38.89577,6.510298,.,.,False,29.80338,-7.572162,True
11.36674,39.0635,6.513103,.,.,False,31.35482,-7.000231,True
11.38404,39.221,6.520187,.,.,False,30.19596,-6.351627,True
11.40103,39.38375,6.532494,.,.,False,28.37758,-5.714424,True
11.41925,39.55423,6.550051,.,.,False,29.38017,-5.031196,True
11.4365,39.55423,6.550051,.,.,False,29.38017,-5.031196,True
11.45331,39.71817,6.570988,.,.,False,30.84702,0,True
11.4719,39.88957,6.597288,.,.,False,29.74866,0.6970462,True
11.48498,40.05412,6.626088,.,.,False,31.21362,1.187719,True
11.50132,40.21133,6.657025,.,.,False,30.06866,1.800345,True
11.5167,40.21133,6.657025,.,.,False,30.06866,1.800345,True
11.53229,40.37452,6.692501,.,.,False,28.84136,2.96184,True
11.54757,40.53668,6.73035,.,.,False,30.05999,3.534683,True
11.56274,40.69477,6.769458,.,.,False,29.97298,4.103779,True
11.57783,40.69477,6.769458,.,.,False,29.97298,4.103779,True
11.59222,40.86077,6.812584,.,.,False,29.3149,5.208971,True
11.60755,41.02043,6.855416,.,.,False,30.87044,5.784011,True
11.6232,41.18944,6.902041,.,.,False,29.75546,6.370732,True
11.63789,41.18944,6.902041,.,.,False,29.75546,6.370732,True
11.65281,41.35218,6.947577,.,.,False,31.55839,7.481205,True
11.66938,41.50639,6.99122,.,.,False,30.41719,6.859879,True
11.68735,41.66669,7.037042,.,.,False,28.84885,6.185999,True
11.701,41.83511,7.085481,.,.,False,30.00968,5.673911,True
11.71671,41.83511,7.085481,.,.,False,30.00968,5.673911,True
11.73327,41.99781,7.132423,.,.,False,31.54398,4.463793,True
11.75251,42.15528,7.17796,.,.,False,30.48107,3.742338,True
11.76781,42.32257,7.226423,.,.,False,29.50648,3.168727,True
11.78318,42.4838,7.273172,.,.,False,31.34983,2.592221,True
11.79846,42.63523,7.317107,.,.,False,30.21624,2.019206,True
11.81666,42.63523,7.317107,.,.,False,30.21624,2.019206,True
11.82535,42.79214,7.362656,.,.,False,28.38153,1.010898,True
11.84173,42.9567,7.41024,.,.,False,29.40937,1.625231,True
11.86122,43.11569,7.455797,.,.,False,30.83315,2.355873,True
11.87406,43.11569,7.455797,.,.,False,30.83315,2.355873,True
11.89007,43.28497,7.503543,.,.,False,29.77116,3.437782,True
11.90483,43.4484,7.548626,.,.,False,31.65847,3.991286,True
11.91999,43.60526,7.590389,.,.,False,30.51747,4.559883,True
11.93509,43.60526,7.590389,.,.,False,30.51747,4.559883,True
11.95074,43.76997,7.632221,.,.,False,29.21691,5.713072,True
11.96608,43.92474,7.669339,.,.,False,30.58965,6.288112,True
11.98189,44.08624,7.705102,.,.,False,28.64998,6.881036,True
11.99693,44.08624,7.705102,.,.,False,28.64998,6.881036,True
12.01233,44.25725,7.73972,.,.,False,29.77247,8.022438,True
12.02721,44.42294,7.769709,.,.,False,31.40739,8.580678,True
12.04167,44.58233,7.794505,.,.,False,30.30822,9.123011,True
12.05692,44.58233,7.794505,.,.,False,30.30822,9.123011,True
12.07165,44.74897,7.815645,.,.,False,29.03598,10.24703,True
12.08847,44.91534,7.832162,.,.,False,30.23504,9.616124,True
12.10676,45.07915,7.843609,.,.,False,30.09451,8.930162,True
12.12004,45.25274,7.850773,.,.,False,29.55871,8.432207,True
12.1357,45.25274,7.850773,.,.,False,29.55871,8.432207,True
12.1514,45.41995,7.852851,.,.,False,31.27156,7.256435,True
12.16707,45.57711,7.850161,.,.,False,30.0995,6.668676,True
12.18223,45.73966,7.841779,.,.,False,28.29226,6.100164,True
12.19749,45.73966,7.841779,.,.,False,28.29226,6.100164,False
12.21293,45.91033,7.827869,.,.,False,29.29889,4.949083,False
12.2279,46.07435,7.809807,.,.,False,30.82151,4.387415,False
12.24247,46.24159,7.786148,.,.,False,29.7019,3.841176,False
12.25785,46.24159,7.786148,.,.,False,29.7019,3.841176,False
12.27317,46.40177,7.758676,.,.,False,30.40358,2.689948,False
12.28855,46.57063,7.724343,.,.,False,29.25329,2.113228,False
12.30692,46.73198,7.686702,.,.,False,31.01658,1.424222,False
12.32575,46.88552,7.645777,.,.,False,29.82338,0.7182242,False
12.33911,47.04339,7.598237,.,.,False,28.60267,0.2171717,False
12.35469,47.04339,7.598237,.,.,False,28.60267,0.2171717,False
12.37098,47.20848,7.543472,.,.,False,29.67596,-0.610785,False
12.38923,47.36635,7.486714,.,.,False,31.30946,-1.294879,False
12.40261,47.5146,7.429203,.,.,False,30.19676,-1.796775,False
12.41873,47.66735,7.365509,.,.,False,28.62191,-2.401459,False
12.43399,47.66735,7.365509,.,.,False,28.62191,-2.401459,False
12.45016,47.82488,7.296082,.,.,False,29.78979,-3.5799,False
12.46511,47.97585,7.226481,.,.,False,30.98738,-4.140728,False
12.4803,48.12454,7.155021,.,.,False,29.92355,-4.710311,False
12.49831,48.28113,7.076806,.,.,False,29.69463,-4.034963,False
12.51563,48.28113,7.076806,.,.,False,29.69463,-4.034963,False
12.52828,48.43113,6.999447,.,.,False,31.5062,-2.911042,False
12.54228,48.57257,6.924036,.,.,False,30.37885,-2.386249,False
12.55837,48.71871,6.843371,.,.,False,28.85205,-1.782832,False
12.57431,48.71871,6.843371,.,.,False,28.85205,-1.782832,True
12.59093,48.86838,6.758257,.,.,False,30.0468,-0.5618247,True
12.60574,49.01202,6.674259,.,.,False,30.99207,-0.006577186,True
12.62576,49.15398,6.588764,.,.,False,29.95092,0,True
12.64362,49.30281,6.496425,.,.,False,29.82973,0,True
12.65751,49.30281,6.496425,.,.,False,29.82973,0,True
12.67217,49.44536,6.40567,.,.,False,31.52675,0,True
12.68773,49.57937,6.317916,.,.,False,30.4174,0,True
12.70256,49.7175,6.224705,.,.,False,28.83364,0,True
12.7177,49.7175,6.224705,.,.,False,28.83364,0,True
12.73324,49.86108,6.125175,.,.,False,29.99475,0,True
12.74875,49.99865,6.02741,.,.,False,31.44656,0,True
12.76445,50.12655,5.934072,.,.,False,30.37885,0,True
12.78027,50.25774,5.835493,.,.,False,28.50155,0,True
12.79552,50.25774,5.835493,.,.,False,28.50155,0,True
12.81064,50.39396,5.73044,.,.,False,29.53811,0,True
12.82529,50.5243,5.627461,.,.,False,30.96337,0,True
12.84137,50.66121,5.516362,.,.,False,29.90052,0,True
12.85663,50.66121,5.516362,.,.,False,29.90052,0,True
12.87331,50.79204,5.407932,.,.,False,31.73672,-0.6255863,True
12.89241,50.91578,5.303278,.,.,False,30.58595,-1.341863,True
12.90571,51.04387,5.192907,.,.,False,29.17094,-1.840455,True
12.92103,51.16896,5.083823,.,.,False,30.43533,-2.415011,True
12.93609,51.16896,5.083823,.,.,False,30.43533,-2.415011,True
12.95194,51.30146,4.967186,.,.,False,29.87442,-3.574114,True
12.96677,51.42904,4.854543,.,.,False,31.77484,-4.130456,True
12.98173,51.55127,4.746754,.,.,False,30.63418,-4.691393,True
12.99768,51.55127,4.746754,.,.,False,30.63418,-4.691393,True
13.01261,51.6795,4.634222,.,.,False,29.33489,-5.849325,True
13.02801,51.79998,4.529597,.,.,False,30.7087,-6.426758,True
13.0423,51.92609,4.421913,.,.,False,28.72176,-6.962632,True
13.0579,51.92609,4.421913,.,.,False,28.72176,-6.962632,True
13.07342,52.0599,4.309959,.,.,False,29.85027,-8.129602,True
13.08836,52.19054,4.203453,.,.,False,31.40356,-8.689729,True
13.10345,52.32398,4.098304,.,.,False,30.33915,-9.255814,True
13.11874,52.45053,4.002341,.,.,False,30.57982,-9.82929,True
13.13443,52.45053,4.002341,.,.,False,30.57982,-9.82929,True
13.1509,52.58405,3.906012,.,.,False,28.5876,-11.03508,True
13.16715,52.72625,3.808417,.,.,False,29.63647,-11.64471,True
13.18348,52.86577,3.717832,.,.,False,31.04452,-12.25694,True
13.19864,53.01608,3.626576,.,.,False,29.94234,-12.5,True
13.21368,53.01608,3.626576,.,.,False,29.94234,-12.5,True
13.23001,53.16322,3.54294,.,.,False,31.65117,-11.88745,True
13.24788,53.30458,3.46869,.,.,False,30.46454,-11.2177,True
13.26114,53.4537,3.396842,.,.,False,28.74273,-10.72022,True
13.27531,53.4537,3.396842,.,.,False,28.74273,-10.72022,True
13.29158,53.61307,3.325937,.,.,False,29.79349,-9.578747,True
13.30729,53.76876,3.262442,.,.,False,31.39865,-8.989775,True
13.32267,53.91697,3.207459,.,.,False,30.26532,-8.412857,True
13.33889,54.07243,3.156278,.,.,False,28.45346,-7.804677,True
13.35423,54.07243,3.156278,.,.,False,28.45346,-7.804677,True
13.37087,54.23761,3.107537,.,.,False,29.46143,0,True
13.38888,54.39814,3.064929,.,.,False,30.99891,0.6754463,True
13.40254,54.56221,3.026312,.,.,False,29.89509,1.18791,True
13.42007,54.71655,2.993771,.,.,False,30.34014,1.845285,True
13.43569,54.71655,2.993771,.,.,False,30.34014,1.845285,True
13.45181,54.87752,2.964197,.,.,False,28.39256,3.035193,True
13.46692,55.04717,2.936593,.,.,False,29.45931,3.601882,True
13.48228,55.21136,2.912702,.,.,False,30.93801,4.177818,True
13.49744,55.21136,2.912702,.,.,False,30.93801,4.177818,True
13.51607,55.38325,2.890564,.,.,False,29.86648,5.44497,True
13.52949,55.54924,2.87128,.,.,False,31.19518,5.948291,True
13.54435,55.7151,2.853971,.,.,False,30.07872,6.505429,True
13.5598,55.88326,2.838182,.,.,False,30.01629,5.925867,True
13.57922,56.04508,2.824468,.,.,False,30.40339,5.197541,False
13.59226,56.04508,2.824468,.,.,False,30.40339,5.197541,False
13.60701,56.2164,2.81155,.,.,False,29.23145,4.155638,False
13.6224,56.3815,2.800363,.,.,False,30.92547,3.578524,False
13.637,56.3815,2.800363,.,.,False,30.92547,3.578524,False
13.65216,56.55169,2.790259,.,.,False,29.78666,2.462201,False
13.66711,56.71582,2.781739,.,.,False,30.68753,1.901651,False
13.68259,56.89073,2.774105,.,.,False,29.5836,1.32138,False
13.69786,56.89073,2.774105,.,.,False,29.5836,1.32138,False
13.71678,57.05928,2.767932,.,.,False,31.51326,0.0390789,False
13.73478,57.22018,2.763301,.,.,False,30.35907,0,False
13.74882,57.3882,2.759862,.,.,False,28.97392,0,False
13.76352,57.55064,2.757727,.,.,False,30.25112,0,False
13.77929,57.72193,2.756856,.,.,False,29.2407,0,False
13.79439,57.72193,2.756856,.,.,False,29.2407,0,False
13.80999,57.8869,2.757172,.,.,False,30.83295,0,False
13.82478,58.06239,2.758914,.,.,False,29.69471,0,False
13.84027,58.23145,2.761755,.,.,False,31.5909,0,False
13.85638,58.23145,2.761755,.,.,False,31.5909,0,False
13.87111,58.39309,2.76571,.,.,False,30.43341,0,False
13.88581,58.5621,2.771242,.,.,False,29.10432,0,False
13.90111,58.71994,2.777546,.,.,False,30.43808,0,False
13.91644,58.71994,2.777546,.,.,False,30.43808,0,False
13.93185,58.88384,2.785471,.,.,False,28.43429,0,False
13.94914,59.05547,2.795039,.,.,False,29.53624,0,False
13.96674,59.22123,2.805241,.,.,False,30.94164,0.6600638,False
13.98428,59.39705,2.816991,.,.,False,29.89413,1.317881,False
13.9978,59.39705,2.816991,.,.,False,29.89413,1.317881,False
14.01334,59.56654,2.828804,.,.,False,31.71776,2.407748,False
14.02886,59.72791,2.840245,.,.,False,30.58108,2.989534,False
14.04394,59.89614,2.852118,.,.,False,29.11985,3.555225,False
14.05902,60.06534,2.863813,.,.,False,30.3578,2.989837,False
14.07873,60.22424,2.874362,.,.,False,30.52846,2.250724,False
14.09191,60.22424,2.874362,.,.,False,30.52846,2.250724,False
14.10679,60.38916,2.884702,.,.,False,28.66368,1.198489,False
14.12182,60.56297,2.894914,.,.,False,29.74565,0.6347924,False
14.13706,60.56297,2.894914,.,.,False,29.74565,0.6347924,False
14.15282,60.73089,2.904094,.,.,False,31.33793,0,False
14.16981,60.89991,2.912528,.,.,False,30.27136,0,False
14.18516,61.05907,2.919723,.,.,False,30.46207,0,False
14.20061,61.22436,2.926298,.,.,False,28.67726,0,False
14.21559,61.22436,2.926298,.,.,False,28.67726,0,False
14.23092,61.39867,2.932371,.,.,False,29.77678,0,False
14.24619,61.56705,2.937459,.,.,False,31.39479,0,False
14.26136,61.73396,2.941658,.,.,False,30.32376,0,True
14.27543,61.73396,2.941658,.,.,False,30.32376,0,True
14.29083,61.90945,2.945148,.,.,False,30.05292,0,True
14.30611,62.07881,2.947719,.,.,False,31.59331,0,True
14.32169,62.24176,2.949354,.,.,False,30.48947,0,True
14.34027,62.41341,2.950123,.,.,False,29.33234,0,True
14.35925,62.57888,2.950075,.,.,False,30.89786,0,True
14.37252,62.57888,2.950075,.,.,False,30.89786,0,True
14.38675,62.7545,2.949067,.,.,False,29.78313,0,True
14.40223,62.92372,2.947306,.,.,False,31.61201,0,True
14.41761,62.92372,2.947306,.,.,False,31.61201,0,True
14.4342,63.08451,2.9448,.,.,False,30.46063,0,True
14.44964,63.25185,2.941262,.,.,False,28.94598,0,True
14.46635,63.42547,2.936709,.,.,False,30.12681,0,True
14.48322,63.59325,2.93151,.,.,False,31.26368,0,True
14.49968,63.75248,2.925764,.,.,False,30.21393,0,True
14.51592,63.75248,2.925764,.,.,False,30.21393,0,True
14.53165,63.91785,2.918877,.,.,False,28.68054,0,True
14.5468,64.09302,2.910691,.,.,False,29.7925,0,True
14.56152,64.26216,2.902008,.,.,False,31.5648,0,True
14.57565,64.26216,2.902008,.,.,False,31.5648,0,True
14.59138,64.42288,2.892948,.,.,False,30.48592,0,True
14.60657,64.59035,2.882576,.,.,False,28.97617,0,True
14.62188,64.761,2.871163,.,.,False,30.20105,0,True
14.63761,64.761,2.871163,.,.,False,30.20105,0,True
14.65233,64.92593,2.859326,.,.,False,30.78576,0,True
14.66741,65.10082,2.845836,.,.,False,29.76272,0,True
14.68263,65.26938,2.832048,.,.,False,31.57463,0,True
14.698,65.26938,2.832048,.,.,False,31.57463,0,True
14.71316,65.42983,2.818092,.,.,False,30.44105,0,True
14.72815,65.59707,2.802608,.,.,False,28.99103,0,True
14.74249,65.76438,2.786278,.,.,False,30.23107,0,True
14.7606,65.92262,2.770044,.,.,False,30.26001,0,True
14.77507,65.92262,2.770044,.,.,False,30.26001,0,True
14.79053,66.08686,2.752282,.,.,False,28.6325,0,True
14.8052,66.26059,2.732615,.,.,False,29.73477,0,True
14.82,66.42828,2.712851,.,.,False,31.47149,0,True
14.83569,66.42828,2.712851,.,.,False,31.47149,0,True
14.85195,66.58537,2.693551,.,.,False,30.39404,0,True
14.86711,66.74805,2.672641,.,.,False,28.4869,0,True
14.88297,66.9184,2.649874,.,.,False,29.52483,0,True
14.89995,67.08276,2.627116,.,.,False,30.93351,0,True
14.9144,67.08276,2.627116,.,.,False,30.93351,0,True
14.92977,67.25751,2.601986,.,.,False,29.86884,0,True
14.94526,67.42586,2.576993,.,.,False,31.77684,0,True
14.95945,67.58681,2.552258,.,.,False,30.63485,0,True
14.97466,67.58681,2.552258,.,.,False,30.63485,0,True
14.98986,67.75507,2.52544,.,.,False,29.31126,0,True
15.00502,67.9119,2.499681,.,.,False,30.67071,0,True
15.02,68.07459,2.472015,.,.,False,28.60778,0,True
15.03515,68.07459,2.472015,.,.,False,28.60778,0,True
15.05043,68.24473,2.442207,.,.,False,29.70489,0,True
15.06562,68.40898,2.412628,.,.,False,31.09094,0,True
15.08105,68.58342,2.380271,.,.,False,30.04054,0,True
15.09635,68.58342,2.380271,.,.,False,30.04054,0,True
15.11121,68.75146,2.348298,.,.,False,31.93507,0,True
15.12565,68.9143,2.316451,.,.,False,30.79122,0,True
15.14126,69.08717,2.281649,.,.,False,29.86509,0,True
15.15709,69.08717,2.281649,.,.,False,29.86509,0,True
15.17385,69.25378,2.247483,.,.,False,31.74214,-0.6286387,True
15.19406,69.41286,2.214433,.,.,False,30.61291,-1.386544,True
15.20798,69.57906,2.179656,.,.,False,29.2465,-1.908529,True
15.22461,69.73627,2.14693,.,.,False,30.5633,-2.532064,True
15.24061,69.89999,2.113364,.,.,False,28.90626,-3.13221,True
15.25628,69.89999,2.113364,.,.,False,28.90626,-3.13221,True
15.27085,70.07336,2.078717,.,.,False,30.08088,-4.266146,True
15.28551,70.24112,2.046536,.,.,False,31.82454,-4.815795,True
15.30082,70.40393,2.017166,.,.,False,30.74696,-5.38995,True
15.31911,70.57726,1.988351,.,.,False,29.77885,-6.076098,True
15.33374,70.57726,1.988351,.,.,False,29.77885,-6.076098,True
15.3515,70.74471,1.962928,.,.,False,31.62773,-4.861826,True
15.36554,70.90404,1.941453,.,.,False,30.48529,-4.33528,True
15.38123,71.07019,1.92213,.,.,False,28.93909,-3.746635,True
15.39673,71.07019,1.92213,.,.,False,28.93909,-3.746635,True
15.41329,71.2431,1.904979,.,.,False,30.10931,-2.544502,True
15.42865,71.41035,1.891176,.,.,False,31.27568,-1.968517,True
15.44345,71.56787,1.881008,.,.,False,30.20746,-1.413697,True
15.45882,71.73131,1.873612,.,.,False,28.41326,-0.8371418,True
15.47452,71.73131,1.873612,.,.,False,28.41326,-0.8371418,True
15.48977,71.90321,1.86881,.,.,False,29.44845,0,True
15.50437,72.06915,1.866892,.,.,False,30.9544,0,True
15.51883,72.24208,1.868016,.,.,False,29.87168,0,True
15.53402,72.24208,1.868016,.,.,False,29.87168,0,True
15.54948,72.40872,1.87186,.,.,False,31.1271,0,True
15.56603,72.57756,1.878861,.,.,False,30.00315,0,True
15.58222,72.73791,1.888315,.,.,False,30.41703,0,True
15.59921,72.9055,1.9014,.,.,False,28.91262,0,True
15.61525,72.9055,1.9014,.,.,False,28.91262,0,True
15.63025,73.06297,1.916325,.,.,False,30.25931,0,True
15.64721,73.22646,1.934737,.,.,False,28.47073,0.6359662,True
15.66507,73.39895,1.956637,.,.,False,29.61427,1.305555,True
15.67756,73.39895,1.956637,.,.,False,29.61427,1.305555,True
15.69164,73.56534,1.979696,.,.,False,31.29837,2.302016,True
15.70757,73.72122,2.002939,.,.,False,30.23593,2.899245,True
15.72347,73.88256,2.028597,.,.,False,28.3688,3.495645,True
15.7385,74.05154,2.056613,.,.,False,29.40556,4.059083,True
15.75371,74.05154,2.056613,.,.,False,29.40556,4.059083,True
15.76897,74.21463,2.084246,.,.,False,30.83216,5.201858,True
15.78389,74.38787,2.113992,.,.,False,29.77327,5.761204,True
15.79939,74.55488,2.14256,.,.,False,31.63974,6.342533,True
15.81445,74.55488,2.14256,.,.,False,31.63974,6.342533,True
15.83406,74.71457,2.169596,.,.,False,30.49753,6.171665,True
15.85686,74.88158,2.197439,.,.,False,29.15318,5.316878,True
15.87614,75.03854,2.223076,.,.,False,30.47603,4.593826,True
15.89224,75.20178,2.249012,.,.,False,28.62695,3.9899,True
15.91188,75.37389,2.275607,.,.,False,29.75346,3.253358,True
15.93622,75.5403,2.300589,.,.,False,31.34818,2.340867,True
15.95017,75.70606,2.324651,.,.,False,30.28804,1.817701,True
15.96498,75.87643,2.348515,.,.,False,30.1501,1.262329,True
15.98073,76.04108,2.370775,.,.,False,30.96625,0.6714606,True
15.9957,76.04108,2.370775,.,.,False,30.96625,0.6714606,True
16.01135,76.21303,2.39309,.,.,False,29.9046,0,True
16.02559,76.37898,2.413829,.,.,False,31.2109,0,True
16.04131,76.54586,2.43378,.,.,False,30.10378,0,True
16.05651,76.54586,2.43378,.,.,False,30.10378,0,True
16.07125,76.70535,2.452039,.,.,False,30.25236,0,True
16.08606,76.87189,2.47017,.,.,False,28.89558,0,True
16.10123,77.03972,2.487608,.,.,False,30.15434,0,True
16.11668,77.03972,2.487608,.,.,False,30.15434,0,True
16.13151,77.19872,2.503346,.,.,False,30.37117,0,True
16.14665,77.36439,2.518834,.,.,False,28.75947,0,True
16.16165,77.53755,2.534162,.,.,False,29.95163,0,True
16.1763,77.53755,2.534162,.,.,False,29.95163,0,True
16.19194,77.70493,2.548193,.,.,False,31.29094,0,True
16.20695,77.86533,2.560816,.,.,False,30.23459,0,True
16.2216,78.03254,2.573066,.,.,False,28.95967,0,True
16.23629,78.03254,2.573066,.,.,False,28.95967,0,True
16.25341,78.20187,2.584825,.,.,False,30.17868,-0.6420075,True
16.27188,78.36555,2.595808,.,.,False,30.55402,-1.334314,True
16.28456,78.53951,2.607268,.,.,False,29.52729,-1.8099,False
16.30077,78.70717,2.618498,.,.,False,31.38221,-2.418041,False
16.316,78.70717,2.618498,.,.,False,31.38221,-2.418041,False
16.33113,78.86465,2.6296,.,.,False,30.24535,-3.55629,False
16.34658,79.02773,2.642009,.,.,False,28.41653,-4.135763,False
16.36556,79.1986,2.656334,.,.,False,29.43915,-4.847588,False
16.38218,79.3634,2.671853,.,.,False,30.86615,-5.470751,False
16.3961,79.3634,2.671853,.,.,False,30.86615,-5.470751,False
16.41021,79.53822,2.690727,.,.,False,29.79635,-6.521832,False
16.42644,79.7063,2.711469,.,.,False,31.64865,-7.130332,False
16.44304,79.86639,2.734183,.,.,False,30.48492,-6.507757,False
16.4624,80.03309,2.761237,.,.,False,29.10589,-5.7816,False
16.47523,80.03309,2.761237,.,.,False,29.10589,-5.7816,False
16.49038,80.19044,2.789777,.,.,False,30.39717,-4.73238,False
16.50524,80.35358,2.822949,.,.,False,28.78585,-4.175014,False
16.52224,80.52486,2.861186,.,.,False,29.96486,-3.537559,False
16.53669,80.52486,2.861186,.,.,False,29.96486,-3.537559,False
16.55168,80.68954,2.901165,.,.,False,31.58872,-2.433705,False
16.56674,80.84492,2.942222,.,.,False,30.50293,-1.868861,False
16.58179,81.00567,2.988452,.,.,False,28.93025,-1.304542,False
16.59705,81.00567,2.988452,.,.,False,28.93025,-1.304542,False
16.61203,81.17129,3.039675,.,.,False,30.10653,-0.1705387,False
16.62706,81.33029,3.092202,.,.,False,31.20424,0,False
16.64174,81.48038,3.145229,.,.,False,30.14181,0,False
16.65723,81.48038,3.145229,.,.,False,30.14181,0,False
16.67125,81.63509,3.203715,.,.,False,28.6532,0,False
16.68613,81.79733,3.268729,.,.,False,29.77023,0,False
16.70122,81.95273,3.334366,.,.,False,31.46127,0,False
16.7163,81.95273,3.334366,.,.,False,31.46127,0,False
16.73137,82.09956,3.399959,.,.,False,30.36389,0,False
16.74679,82.25141,3.47176,.,.,False,28.94707,0,False
16.76189,82.39467,3.542902,.,.,False,30.23368,0,False
16.77704,82.39467,3.542902,.,.,False,30.23368,0,False
16.79122,82.54257,3.620377,.,.,False,28.79098,0,False
16.80623,82.69054,3.701499,.,.,False,30.05412,0,False
16.82121,82.83191,3.78261,.,.,False,30.37538,0,False
16.83562,82.83191,3.78261,.,.,False,30.37538,0,False
16.85116,82.98022,3.871862,.,.,False,29.33727,0,False
16.86637,83.12145,3.96044,.,.,False,31.15668,0,False
16.88157,83.25254,4.046497,.,.,False,30.00878,0,False
16.89666,83.25254,4.046497,.,.,False,30.00878,0,False
16.9129,83.38636,4.138595,.,.,False,28.22628,0,False
16.92804,83.52502,4.238077,.,.,False,29.24122,0,False
16.94215,83.65701,4.336506,.,.,False,30.71907,0,False
16.95734,83.65701,4.336506,.,.,False,30.71907,0,False
16.97361,83.7935,4.442708,.,.,False,29.63655,0,False
16.98867,83.92302,4.547443,.,.,False,31.12884,0,False
17.00308,84.04446,4.649868,.,.,False,29.98204,0,False
17.0186,84.16801,4.758688,.,.,False,28.59611,0,False
17.0338,84.16801,4.758688,.,.,False,28.59611,0,False
17.0487,84.29636,4.876322,.,.,False,29.63519,0,False
17.06392,84.41806,4.992086,.,.,False,31.33817,0,False
17.07955,84.53065,5.103595,.,.,False,30.23308,0,False
17.09722,84.53065,5.103595,.,.,False,30.23308,0,False
17.10982,84.64481,5.221722,.,.,False,28.52328,0,False
17.12434,84.7627,5.348622,.,.,False,29.56988,0,False
17.14044,84.87436,5.473036,.,.,False,31.17805,0.6039076,False
17.15919,84.98299,5.598408,.,.,False,30.09193,1.306943,False
17.17136,84.98299,5.598408,.,.,False,30.09193,1.306943,False
17.18652,85.09434,5.731057,.,.,False,29.86057,2.331716,False
17.20216,85.20017,5.860349,.,.,False,31.17316,2.918374,False
17.21755,85.20017,5.860349,.,.,False,31.17316,2.918374,False
17.23271,85.30305,5.988985,.,.,False,30.075,4.063901,False
17.24903,85.41101,6.126656,.,.,False,29.64905,4.675823,False
17.26551,85.51432,6.260014,.,.,False,31.49134,5.294127,False
17.2821,85.61236,6.387651,.,.,False,30.36472,5.916206,False
17.29734,85.61236,6.387651,.,.,False,30.36472,5.916206,False
17.31282,85.71439,6.521214,.,.,False,28.96947,7.068057,False
17.3278,85.81316,6.650413,.,.,False,30.25312,7.630111,False
17.34425,85.91774,6.786524,.,.,False,29.27301,8.246824,False
17.35971,86.01912,6.917125,.,.,False,30.8974,8.826466,False
17.37542,86.01912,6.917125,.,.,False,30.8974,8.826466,False
17.39224,86.12759,7.054578,.,.,False,29.76007,10.04654,False
17.40821,86.23338,7.18588,.,.,False,31.51751,10.64533,True
17.42487,86.33475,7.308187,.,.,False,30.35133,11.26992,True
17.44099,86.44207,7.433146,.,.,False,28.59409,11.87435,True
17.46178,86.55776,7.562945,.,.,False,29.64928,12.5,True
17.48032,86.67189,7.685845,.,.,False,31.29776,12.5,True
17.49445,86.67189,7.685845,.,.,False,31.29776,12.5,True
17.50952,86.78491,7.801961,.,.,False,30.18996,11.93465,True
17.52943,86.90631,7.920599,.,.,False,29.16693,11.18831,True
17.54364,87.02442,8.030734,.,.,False,30.554,10.65503,True
17.55886,87.15127,8.14301,.,.,False,29.0685,10.08436,True
17.57536,87.15127,8.14301,.,.,False,29.0685,10.08436,True
17.59227,87.27286,8.245675,.,.,False,30.49191,8.831713,True
17.60877,87.4023,8.349128,.,.,False,28.64463,8.21273,True
17.62435,87.54131,8.454988,.,.,False,29.82671,7.628567,True
17.63981,87.67786,8.554018,.,.,False,31.4516,7.048906,True
17.65469,87.67786,8.554018,.,.,False,31.4516,7.048906,True
17.66941,87.8095,8.644439,.,.,False,30.36126,5.938914,True
17.68431,87.94891,8.734718,.,.,False,28.74758,5.379999,True
17.69994,88.09686,8.825504,.,.,False,29.89466,4.793926,True
17.71498,88.09686,8.825504,.,.,False,29.89466,4.793926,True
17.73038,88.24165,8.909665,.,.,False,31.24656,3.652647,True
17.74599,88.38126,8.986097,.,.,False,30.14561,3.067119,True
17.76101,88.52835,9.061508,.,.,False,28.64901,2.50409,True
17.7749,88.52835,9.061508,.,.,False,28.64901,2.50409,True
17.79017,88.68553,9.137364,.,.,False,29.75209,1.410297,True
17.80492,88.83884,9.206993,.,.,False,31.41496,0.8572098,True
17.81997,88.98586,9.269313,.,.,False,30.30725,0.292951,True
17.83494,88.98586,9.269313,.,.,False,30.30725,0.292951,True
17.85076,89.14043,9.330311,.,.,False,28.74352,0,True
17.86613,89.30162,9.387876,.,.,False,29.91098,0,True
17.88127,89.45911,9.43996,.,.,False,30.80884,0,True
17.89659,89.45911,9.43996,.,.,False,30.80884,0,True
17.91147,89.62186,9.488964,.,.,False,29.85914,0,True
17.92579,89.77995,9.532267,.,.,False,30.59477,0,True
17.94186,89.94875,9.573782,.,.,False,29.50362,0,True
17.95817,90.1122,9.609596,.,.,False,31.28851,0.6115687,True
17.97756,90.1122,9.609596,.,.,False,31.28851,0.6115687,True
17.99052,90.2664,9.639244,.,.,False,30.11927,1.82463,True
18.00644,90.42807,9.662673,.,.,False,28.26472,2.421844,True
18.02141,90.59771,9.68217,.,.,False,29.4061,2.983013,True
18.03613,90.59771,9.68217,.,.,False,29.4061,2.983013,True
18.05144,90.76208,9.695343,.,.,False,30.736,4.109318,True
18.06657,90.93116,9.702348,.,.,False,29.68079,4.67667,False
18.082,91.09534,9.70403,.,.,False,30.46105,5.255224,False
18.09808,91.09534,9.70403,.,.,False,30.46105,5.255224,False
18.11632,91.26553,9.695359,.,.,False,29.55424,3.968156,False
18.12937,91.42899,9.681346,.,.,False,30.67489,3.47877,False
18.14492,91.59206,9.660569,.,.,False,29.52975,2.895671,False
18.15947,91.75644,9.632743,.,.,False,29.59059,2.350271,False
18.17515,91.75644,9.632743,.,.,False,29.59059,2.350271,False
18.19112,91.90974,9.600247,.,.,False,30.00979,1.163141,False
18.20597,92.06721,9.559443,.,.,False,28.20607,0.6062398,False
18.22574,92.23099,9.510508,.,.,False,29.28277,0,False
18.24318,92.38654,9.457017,.,.,False,30.76732,0,False
18.25686,92.38654,9.457017,.,.,False,30.76732,0,False
18.27141,92.53064,9.400881,.,.,False,29.60822,0,False
18.28622,92.67661,9.335779,.,.,False,27.83688,0,False
18.30307,92.82629,9.261561,.,.,False,28.77032,-0.6320775,False
18.32124,92.96769,9.184841,.,.,False,30.07211,-1.313153,False
18.33443,92.96769,9.184841,.,.,False,30.07211,-1.313153,False
18.3498,93.1144,9.098444,.,.,False,28.95691,-2.38428,False
18.36532,93.2526,9.010717,.,.,False,30.6473,-2.966182,False
18.38041,93.38036,8.923368,.,.,False,29.46417,-3.53193,False
18.39566,93.38036,8.923368,.,.,False,29.46417,-3.53193,False
18.41115,93.50954,8.82863,.,.,False,27.85728,-4.68486,False
18.42657,93.64233,8.725616,.,.,False,28.83582,-5.26317,False
18.44129,93.76808,8.623377,.,.,False,30.25089,-5.815129,False
18.45666,93.76808,8.623377,.,.,False,30.25089,-5.815129,False
18.47147,93.89911,8.511699,.,.,False,29.17288,-6.946856,False
18.48621,94.02325,8.401897,.,.,False,30.98941,-7.499753,False
18.50147,94.13974,8.294997,.,.,False,29.83142,-8.071823,False
18.51699,94.13974,8.294997,.,.,False,29.83142,-8.071823,False
18.53208,94.259,8.181765,.,.,False,28.46001,-9.219739,False
18.54718,94.38229,8.061605,.,.,False,29.60186,-9.786172,True
18.56211,94.50017,7.944411,.,.,False,30.98726,-10.34575,True
18.57702,94.50017,7.944411,.,.,False,30.98726,-10.34575,True
18.59192,94.61108,7.832273,.,.,False,29.92019,-11.46361,True
18.60845,94.7252,7.715184,.,.,False,28.38984,-12.08362,True
18.62517,94.84477,7.591435,.,.,False,29.432,-12.5,True
18.64161,94.96004,7.471792,.,.,False,30.9739,-12.5,True
18.65773,94.96004,7.471792,.,.,False,30.9739,-12.5,True
18.67414,95.07942,7.347961,.,.,False,29.90506,-12.5,True
18.69477,95.19491,7.228831,.,.,False,30.96072,-12.5,True
18.71296,95.31725,7.103951,.,.,False,29.86556,-12.5,True
18.72745,95.43607,6.984455,.,.,False,31.46697,-12.5,True
18.74211,95.54903,6.873387,.,.,False,30.33367,-12.5,True
18.75756,95.54903,6.873387,.,.,False,30.33367,-12.5,True
18.77297,95.66769,6.760034,.,.,False,28.51416,-12.5,True
18.78786,95.79404,6.643105,.,.,False,29.53902,-12.5,True
18.804,95.91798,6.532458,.,.,False,30.9872,-12.5,True
18.81828,96.05151,6.418472,.,.,False,29.90432,-12.5,True
18.83438,96.05151,6.418472,.,.,False,29.90432,-12.5,True
18.84919,96.18257,6.311656,.,.,False,31.60234,-12.5,True
18.86544,96.30867,6.214644,.,.,False,30.43347,-12.5,True
18.87988,96.44243,6.118394,.,.,False,28.63781,-12.5,True
18.8962,96.44243,6.118394,.,.,False,28.63781,-12.5,True
18.90939,96.58647,6.02137,.,.,False,29.66237,-12.5,True
18.93275,96.72822,5.932503,.,.,False,31.26064,-12.5,True
18.94453,96.8684,5.85198,.,.,False,30.11409,-12.5,True
18.94453,96.8684,5.85198,0.07795715,1,False,1.553434,0,False
18.95924,96.85631,5.873088,.,.,False,29.0999,-12.5,True
18.98061,96.85503,5.879998,.,.,False,0.4861884,-12.5,True
18.9939,96.85503,5.879998,.,.,False,0.4861884,-12.5,True
19.0093,96.85552,5.882698,.,.,False,2.109106,-12.5,True
19.02509,96.8545,5.884052,.,.,False,3.177498,-12.5,True
19.04271,96.85433,5.885054,.,.,False,3.593891,-12.5,True
19.05793,96.85433,5.885054,.,.,False,3.593891,-12.5,True
19.07426,96.85419,5.885815,.,.,False,3.691651,-12.5,True
19.08891,96.8541,5.886129,.,.,False,3.8224,-12.5,True
19.10537,96.854,5.88634,.,.,False,3.914849,-12.5,True
19.11982,96.85389,5.886492,.,.,False,3.948734,-12.5,True
19.13638,96.85389,5.886492,.,.,False,3.948734,-12.5,True
19.15281,96.85397,5.886619,.,.,False,3.96799,-11.88397,True
19.17084,96.8541,5.886744,.,.,False,3.972298,-11.20773,True
19.18687,96.85403,5.88684,.,.,False,3.990916,0,True
19.20665,96.85402,5.886923,.,.,False,4.01862,0.7415475,True
19.22053,96.85413,5.887007,.,.,False,4.020912,1.262003,True
19.23604,96.85413,5.887007,.,.,False,4.020912,1.262003,True
19.25183,96.85423,5.887105,.,.,False,4.025373,2.435794,True
19.26759,96.85431,5.887192,.,.,False,4.042139,3.02658,True
19.28295,96.85431,5.887284,.,.,False,4.058372,3.602723,True
19.29941,96.8544,5.887362,.,.,False,4.07613,4.220156,True
19.31588,96.8544,5.887362,.,.,False,4.07613,4.220156,True
19.33224,96.85435,5.887451,.,.,False,4.081681,5.451105,True
19.34809,96.85446,5.887522,.,.,False,4.099738,6.045754,True
19.36324,96.85455,5.887603,.,.,False,4.100349,6.613822,True
19.37847,96.85453,5.887702,.,.,False,4.113769,7.184689,True
19.39465,96.85453,5.887702,.,.,False,4.113769,7.184689,True
19.41402,96.85462,5.887773,.,.,False,4.131697,5.851413,True
19.42744,96.85471,5.887846,.,.,False,4.136291,5.348006,True
19.44169,96.85466,5.887941,.,.,False,4.148501,4.813721,True
19.45775,96.85466,5.887941,.,.,False,4.148501,4.813721,True
19.47326,96.85477,5.888015,.,.,False,4.167773,3.629853,True
19.48792,96.85486,5.888095,.,.,False,4.168094,3.080224,True
19.50366,96.85481,5.888196,.,.,False,4.182399,2.489831,True
19.5193,96.85496,5.888262,.,.,False,4.201174,1.903545,True
19.53461,96.85496,5.888262,.,.,False,4.201174,1.903545,True
19.54972,96.85496,5.888381,.,.,False,4.202301,0.7628735,True
19.56501,96.85506,5.888458,.,.,False,4.224022,0.1891798,True
19.58048,96.85514,5.888543,.,.,False,4.233661,0,True
19.59558,96.85514,5.888543,.,.,False,4.233661,0,True
19.61027,96.8551,5.88866,.,.,False,4.247542,0,True
19.62553,96.85525,5.888732,.,.,False,4.266978,0,True
19.64525,96.85527,5.88882,.,.,False,4.271238,0,True
19.65765,96.85527,5.88882,.,.,False,4.271238,0,True
19.67344,96.85536,5.888903,.,.,False,4.291172,0,True
19.68861,96.85532,5.888998,.,.,False,4.298585,0,True
19.70369,96.85536,5.889072,.,.,False,4.317067,0,True
19.71885,96.85547,5.88913,.,.,False,4.322003,0,True
19.73399,96.85547,5.88913,.,.,False,4.322003,0,True
19.74911,96.85545,5.889214,.,.,False,4.329196,0,True
19.76454,96.85545,5.889285,.,.,False,4.345408,0,True
19.78148,96.8553,5.889424,.,.,False,4.351944,0,True
19.79662,96.8553,5.889424,.,.,False,4.351944,0,True
19.81172,96.85546,5.889387,.,.,False,4.350581,0,True
19.82653,96.85548,5.889422,.,.,False,4.347006,0,True
19.8428,96.85484,5.889834,.,.,False,4.352366,0,True
19.8623,96.85397,5.890351,.,.,False,4.352056,0,True
19.87513,96.85397,5.890351,.,.,False,4.352056,0,True
19.89,96.85318,5.890838,.,.,False,4.354589,0,True
19.9049,96.85217,5.891439,.,.,False,4.347127,0,True
19.92014,96.85085,5.892226,.,.,False,4.346146,0,True
19.93539,96.85085,5.892226,.,.,False,4.346146,0,True
19.95021,96.85004,5.892698,.,.,False,4.345574,0,True
19.96568,96.84945,5.893042,.,.,False,4.338422,0,True
19.98201,96.84753,5.894174,.,.,False,4.331718,0,True
19.9967,96.84753,5.894174,.,.,False,4.331718,0,True
20.01237,96.84541,5.895407,.,.,False,4.343249,0,True
20.02814,96.84245,5.897108,.,.,False,4.344862,0,True
20.04306,96.83928,5.89895,.,.,False,4.367248,0,True
20.05806,96.83928,5.89895,.,.,False,4.367248,0,True
20.07347,96.83527,5.901245,.,.,False,4.365763,0,True
20.08817,96.83029,5.904139,.,.,False,4.397826,0,True
20.10332,96.82513,5.907118,.,.,False,4.433627,0,True
20.11839,96.81886,5.910727,.,.,False,4.44295,0,True
20.13361,96.81886,5.910727,.,.,False,4.44295,0,True
20.14857,96.81364,5.91372,.,.,False,4.503036,0,True
20.16369,96.80481,5.918878,.,.,False,4.440195,0,True
20.17988,96.79523,5.924425,.,.,False,4.677525,0,True
20.19486,96.79523,5.924425,.,.,False,4.677525,0,True
20.20918,96.786,5.929756,.,.,False,4.744056,0,True
20.22448,96.77451,5.936456,.,.,False,4.716644,0,True
20.24,96.76265,5.943343,.,.,False,4.921977,0,True
20.2547,96.76265,5.943343,.,.,False,4.921977,0,True
20.26922,96.74943,5.95108,.,.,False,4.960473,0,True
20.28427,96.73801,5.957703,.,.,False,5.107242,0,True
20.28427,96.73801,5.957703,0.07698059,2,False,1.553434,0,False
20.29969,96.72395,5.96598,.,.,False,4.913211,0,True
20.31545,96.72395,5.96598,.,.,False,4.913211,0,True
20.33208,96.70946,5.974513,.,.,False,5.198262,0,True
20.3465,96.69374,5.983778,.,.,False,5.251958,0,True
20.36162,96.67715,5.993619,.,.,False,5.406541,0,True
20.37859,96.65919,6.004309,.,.,False,5.516713,0,True
20.39333,96.65919,6.004309,.,.,False,5.516713,0,True
20.41056,96.64213,6.014449,.,.,False,5.703897,0,True
20.43107,96.62289,6.025989,.,.,False,5.582898,0,True
20.44563,96.60239,6.038328,.,.,False,5.887584,0,True
20.45927,96.58131,6.05105,.,.,False,6.075688,0,True
20.47699,96.58131,6.05105,.,.,False,6.075688,0,True
20.49226,96.56013,6.063889,.,.,False,6.164563,0,True
20.50901,96.53917,6.076628,.,.,False,6.183875,0,True
20.52414,96.51671,6.090389,.,.,False,6.151472,0,True
20.54067,96.49283,6.105089,.,.,False,6.385959,0,True
20.55559,96.49283,6.105089,.,.,False,6.385959,0,True
20.57188,96.46754,6.120765,.,.,False,6.618114,0,True
20.58561,96.44279,6.136135,.,.,False,6.853148,0,True
20.60229,96.41721,6.152116,.,.,False,6.769213,0,True
20.6167,96.41721,6.152116,.,.,False,6.769213,0,True
20.63399,96.39123,6.168451,.,.,False,6.910698,0,True
20.64971,96.36292,6.186399,.,.,False,6.986374,0,True
20.66702,96.33502,6.204142,.,.,False,7.393582,0,True
20.68268,96.30556,6.223027,.,.,False,7.32654,0,True
20.70039,96.27647,6.241775,.,.,False,7.612628,0,True
20.71526,96.27647,6.241775,.,.,False,7.612628,0,True
20.73116,96.24644,6.26125,.,.,False,7.552918,0,True
20.7454,96.2158,6.281273,.,.,False,7.728908,0,True
20.76375,96.18404,6.30217,.,.,False,7.852175,0,True
20.78078,96.1516,6.323674,.,.,False,8.064799,0,True
20.79861,96.11978,6.344883,.,.,False,8.20276,0,True
20.80878,96.11978,6.344883,.,.,False,8.20276,0,True
20.82372,96.08614,6.367529,.,.,False,8.098854,0,True
20.83997,96.05177,6.39082,.,.,False,8.453195,0,True
20.85497,96.05177,6.39082,.,.,False,8.453195,0,True
20.87128,96.01677,6.414705,.,.,False,8.604742,0,True
20.88482,95.98212,6.438513,.,.,False,8.737648,0,True
20.8996,95.94497,6.464326,.,.,False,8.684727,0,True
20.91587,95.94497,6.464326,.,.,False,8.684727,0,True
20.93007,95.9072,6.490758,.,.,False,9.190848,0,True
20.94633,95.86894,6.517744,.,.,False,9.326313,0,True
20.96147,95.83196,6.544002,.,.,False,9.44386,0,True
20.97765,95.83196,6.544002,.,.,False,9.44386,0,True
20.99245,95.7934,6.571816,.,.,False,9.209627,0.5550375,True
21.01188,95.75496,6.599863,.,.,False,9.549072,1.283858,True
21.0247,95.71605,6.628583,.,.,False,9.543321,1.764503,True
21.04014,95.67475,6.659411,.,.,False,9.656541,2.343566,True
21.05722,95.67475,6.659411,.,.,False,9.656541,2.343566,True
21.07267,95.63481,6.689459,.,.,False,10.16105,3.563419,True
21.08749,95.59259,6.72146,.,.,False,9.894031,4.119256,True
21.10275,95.55121,6.753015,.,.,False,10.3736,4.691423,True
21.11795,95.55121,6.753015,.,.,False,10.3736,4.691423,True
21.13311,95.50832,6.785847,.,.,False,10.20428,5.829795,True
21.14826,95.46525,6.818916,.,.,False,10.51972,6.397958,True
21.16335,95.4204,6.85335,.,.,False,10.5515,6.963987,True
21.17966,95.37514,6.888096,.,.,False,10.9108,7.575541,True
21.19772,95.37514,6.888096,.,.,False,10.9108,7.575541,True
21.21067,95.32848,6.923796,.,.,False,10.98457,8.73855,True
21.22491,95.28211,6.959148,.,.,False,11.25457,9.272573,True
21.24142,95.2338,6.995702,.,.,False,11.16469,9.891586,True
21.25728,95.2338,6.995702,.,.,False,11.16469,9.891586,True
21.27308,95.1853,7.032126,.,.,False,11.53682,11.0788,True
21.28769,95.13567,7.06898,.,.,False,11.53168,11.6265,True
21.30267,95.08586,7.105546,.,.,False,11.71357,12.18828,True
21.3181,95.03445,7.14267,.,.,False,11.69587,12.5,True
21.33303,95.03445,7.14267,.,.,False,11.69587,12.5,True
21.34807,94.98338,7.179011,.,.,False,11.9586,12.5,True
21.3645,94.93177,7.215072,.,.,False,11.81423,12.5,True
21.3809,94.87843,7.251467,.,.,False,11.84876,12.5,True
21.39697,94.87843,7.251467,.,.,False,11.84876,12.5,True
21.41242,94.82577,7.286653,.,.,False,12.11144,12.5,True
21.42696,94.77101,7.32215,.,.,False,11.88125,12.5,True
21.4427,94.71575,7.356827,.,.,False,12.199,12.5,True
21.45774,94.71575,7.356827,.,.,False,12.199,12.5,True
21.47313,94.66094,7.390111,.,.,False,12.19118,12.5,True
21.48773,94.6053,7.422627,.,.,False,11.99347,12.5,True
21.50273,94.5483,7.454617,.,.,False,12.04872,12.5,True
21.51792,94.5483,7.454617,.,.,False,12.04872,12.5,True
21.53414,94.49082,7.485654,.,.,False,12.20951,12.5,True
21.55074,94.43185,7.516154,.,.,False,12.1998,12.5,True
21.56899,94.37226,7.545675,.,.,False,12.38811,12.5,True
21.5826,94.31202,7.574226,.,.,False,12.40621,12.5,True
21.59813,94.25165,7.60163,.,.,False,12.43636,12.5,True
21.61333,94.25165,7.60163,.,.,False,12.43636,12.5,True
21.62988,94.19205,7.62756,.,.,False,12.37325,11.87938,True
21.64934,94.13049,7.652981,.,.,False,12.14566,11.14959,True
21.66343,94.06903,7.677188,.,.,False,12.43011,10.62121,True
21.68029,94.00714,7.700316,.,.,False,12.33377,9.988962,True
21.69689,94.00714,7.700316,.,.,False,12.33377,9.988962,True
21.71214,93.94547,7.722201,.,.,False,12.33887,8.794497,True
21.72728,93.88454,7.742722,.,.,False,12.22958,8.226874,True
21.74156,93.82319,7.762174,.,.,False,12.03621,7.691225,True
21.7571,93.82319,7.762174,.,.,False,12.03621,7.691225,True
21.77257,93.76373,7.780063,.,.,False,12.04975,6.528455,True
21.78752,93.70377,7.796959,.,.,False,11.6587,5.967924,True
21.80236,93.64372,7.812789,.,.,False,11.70043,5.411352,True
21.81746,93.64372,7.812789,.,.,False,11.70043,5.411352,True
21.83242,93.5855,7.827219,.,.,False,11.66868,4.283941,True
21.84818,93.5279,7.840524,.,.,False,11.30611,3.692949,True
21.86321,93.47099,7.852733,.,.,False,11.16277,3.129541,True
21.8789,93.41474,7.86388,.,.,False,11.01219,2.540952,True
21.89364,93.41474,7.86388,.,.,False,11.01219,2.540952,True
21.90884,93.35918,7.873861,.,.,False,10.86793,0,True
21.92835,93.30439,7.882732,.,.,False,10.72965,-0.7314112,False
21.9416,93.25038,7.890566,.,.,False,10.58818,-1.228305,False
21.95706,93.25038,7.890566,.,.,False,10.58818,-1.228305,False
21.97708,93.19717,7.89745,.,.,False,10.44624,-2.558865,False
21.99493,93.14485,7.903465,.,.,False,10.30958,-3.228101,False
22.00833,93.09349,7.90868,.,.,False,10.15716,-3.730808,False
22.02286,93.04292,7.913186,.,.,False,10.00022,-4.275649,False
22.03783,93.04292,7.913186,.,.,False,10.00022,-4.275649,False
22.05367,92.99306,7.917061,.,.,False,9.874336,-5.430784,False
22.06807,92.94353,7.920387,.,.,False,9.76073,-5.970862,False
22.08305,92.89449,7.923201,.,.,False,9.715107,-6.532657,False
22.09988,92.84651,7.925554,.,.,False,9.643323,-7.163936,False
22.1146,92.84651,7.925554,.,.,False,9.643323,-7.163936,False
22.13474,92.7997,7.927499,.,.,False,9.475897,-8.47119,False
22.14999,92.75446,7.929082,.,.,False,9.294412,-9.042799,False
22.16526,92.71034,7.930366,.,.,False,9.046488,-9.615543,False
22.18028,92.66727,7.931398,.,.,False,8.876168,-10.17899,False
22.19498,92.66727,7.931398,.,.,False,8.876168,-10.17899,False
22.20916,92.6264,7.932205,.,.,False,8.715751,-11.26195,False
22.22472,92.58655,7.932841,.,.,False,8.372214,-11.84521,False
22.24014,92.547,7.933354,.,.,False,8.222088,-12.4237,False
22.25489,92.547,7.933354,.,.,False,8.222088,-12.4237,False
22.26971,92.50954,7.933751,.,.,False,8.18159,-12.5,False
22.28469,92.47261,7.934071,.,.,False,7.861555,-12.5,False
22.30007,92.43666,7.934343,.,.,False,7.787879,-12.5,False
22.31645,92.43666,7.934343,.,.,False,7.787879,-12.5,False
22.33181,92.40301,7.934562,.,.,False,7.643789,-12.5,False
22.34703,92.36885,7.934801,.,.,False,7.29713,-12.5,False
22.36177,92.33785,7.934973,.,.,False,7.381778,-12.5,False
22.37668,92.33785,7.934973,.,.,False,7.381778,-12.5,False
22.39139,92.30765,7.935176,.,.,False,6.916738,-12.5,False
22.40738,92.27895,7.935375,.,.,False,6.804608,-12.5,False
22.42286,92.25015,7.935662,.,.,False,6.588472,-12.5,False
22.44496,92.22321,7.93595,.,.,False,6.608202,-12.5,False
22.45874,92.19701,7.93625,.,.,False,6.345781,-12.5,False
22.47949,92.17128,7.936677,.,.,False,6.247714,-12.5,False
22.49489,92.17128,7.936677,.,.,False,6.247714,-12.5,False
22.5161,92.14808,7.937006,.,.,False,6.180312,-12.5,False
22.53308,92.12539,7.937402,.,.,False,5.845804,-12.5,False
22.55758,92.10332,7.9379,.,.,False,5.779236,-12.5,False
22.58382,92.06486,7.938802,.,.,False,5.391231,-12.5,False
22.60623,92.04665,7.939486,.,.,False,5.286134,-12.5,False
22.6296,92.02898,7.940208,.,.,False,5.19131,-12.5,False
22.65368,92.01315,7.940894,.,.,False,5.123845,-12.5,False
22.67921,91.98391,7.942381,.,.,False,4.823629,-12.5,False
22.69542,91.98391,7.942381,.,.,False,4.823629,-12.5,False
22.71936,91.96056,7.943693,.,.,False,4.500664,-12.5,False
22.7527,91.95034,7.944323,.,.,False,4.415124,-12.5,False
22.78117,91.93372,7.945353,.,.,False,4.271613,-12.5,False
22.80449,91.9272,7.945744,.,.,False,4.05606,-12.5,False
22.82683,91.92178,7.946128,.,.,False,4.028939,-12.5,False
22.84794,91.91757,7.94642,.,.,False,3.948386,-12.5,False
22.87156,91.91483,7.946605,.,.,False,3.882126,-12.5,False
22.89149,91.91265,7.946757,.,.,False,3.817166,-12.5,False
22.91191,91.9119,7.946803,.,.,False,3.79298,-12.5,False
22.92638,91.91257,7.946746,.,.,False,3.752027,-12.5,False
22.94334,91.91537,7.946443,.,.,False,3.728478,-12.5,False
22.95935,91.91766,7.946271,.,.,False,3.744461,-12.5,False
22.97668,91.91766,7.946271,.,.,False,3.744461,-12.5,False
22.99327,91.92152,7.945983,.,.,False,3.719395,-12.5,False
23.01869,91.93116,7.945295,.,.,False,3.736948,-12.5,False
23.03252,91.93116,7.945295,.,.,False,3.736948,-12.5,False
23.04714,91.93918,7.944685,.,.,False,3.775534,-12.5,False
23.06694,91.94658,7.9442,.,.,False,3.890886,-12.5,False
23.08154,91.95488,7.943688,.,.,False,3.843292,-12.5,False
23.09779,91.95488,7.943688,.,.,False,3.843292,-12.5,False
23.11728,91.96567,7.942961,.,.,False,3.884315,-12.5,False
23.13587,91.97575,7.942411,.,.,False,4.057034,-12.5,False
23.15543,91.98768,7.941703,.,.,False,3.984987,-12.5,False
23.17519,91.99931,7.941097,.,.,False,4.134299,-12.5,False
23.19135,92.01385,7.94027,.,.,False,4.097718,-12.5,False
23.21203,92.02972,7.939473,.,.,False,4.369889,-12.5,False
23.22953,92.04457,7.938879,.,.,False,4.493555,-12.5,False
23.25072,92.06229,7.938105,.,.,False,4.372114,-12.5,False
23.27102,92.07932,7.937527,.,.,False,4.68936,-12.5,False
23.28897,92.09669,7.937039,.,.,False,4.594778,-12.5,False
23.30788,92.11667,7.936438,.,.,False,4.627685,-12.5,False
23.3278,92.13774,7.935944,.,.,False,4.94312,-12.5,False
23.34285,92.1576,7.935692,.,.,False,5.069742,-12.5,False
23.36062,92.18093,7.935329,.,.,False,4.903153,-12.5,False
23.38,92.2032,7.935251,.,.,False,5.362027,-12.5,False
23.40335,92.22727,7.935236,.,.,False,5.203103,-12.5,False
23.42629,92.25193,7.935381,.,.,False,5.445597,-12.5,False
23.44628,92.27673,7.935736,.,.,False,5.52105,-12.5,False
23.46759,92.30282,7.936224,.,.,False,5.53117,-12.5,False
23.49074,92.33044,7.936909,.,.,False,5.712635,-12.5,False
23.51265,92.35833,7.937816,.,.,False,5.928785,-12.5,False
23.53469,92.38702,7.938964,.,.,False,5.963507,-12.5,False
23.55533,92.41689,7.940359,.,.,False,6.076825,-12.5,False
23.58155,92.4785,7.943966,.,.,False,6.298355,-12.5,False
23.60493,92.51029,7.946213,.,.,False,6.480279,-12.5,False
23.6317,92.54389,7.948792,.,.,False,6.536709,-12.5,False
23.6608,92.61349,7.955033,.,.,False,6.938151,-12.5,False
23.68321,92.64926,7.958704,.,.,False,7.072365,-12.5,False
23.72051,92.72234,7.967248,.,.,False,7.262889,-12.5,False
23.74431,92.75968,7.972156,.,.,False,7.312142,-12.5,False
23.76372,92.79833,7.977579,.,.,False,7.424769,-12.5,False
23.78822,92.83855,7.983584,.,.,False,7.641549,-12.5,False
23.8135,92.87835,7.989988,.,.,False,7.903445,-12.5,False
23.83455,92.91995,7.997067,.,.,False,7.842766,-12.5,False
23.8532,92.96022,8.004426,.,.,False,8.150303,-12.5,False
23.87069,93.00313,8.012617,.,.,False,7.938667,-12.5,False
23.89285,93.04599,8.021315,.,.,False,8.391268,-12.5,False
23.90681,93.08939,8.030618,.,.,False,8.396259,-12.5,False
23.92813,93.13287,8.040466,.,.,False,8.501417,-12.5,False
23.94342,93.17691,8.050957,.,.,False,8.533187,-12.5,False
23.96643,93.22102,8.062015,.,.,False,8.643909,-12.5,False
23.98729,93.26756,8.074166,.,.,False,8.676316,-12.5,False
24.00442,93.31287,8.086643,.,.,False,9.118237,-12.5,False
24.02262,93.3606,8.100315,.,.,False,8.925374,-12.5,False
24.04184,93.40851,8.114695,.,.,False,9.373682,-12.5,False
24.05841,93.45714,8.129923,.,.,False,9.431522,-12.5,False
24.08035,93.50462,8.145508,.,.,False,9.590883,-12.5,False
24.09814,93.55413,8.162382,.,.,False,9.42237,-12.5,False
24.1153,93.55413,8.162382,.,.,False,9.42237,-12.5,False
24.13483,93.60291,8.179754,.,.,False,9.818153,-12.5,False
24.14894,93.65318,8.198351,.,.,False,9.728077,-11.97086,False
24.17108,93.70314,8.217611,.,.,False,10.03218,-11.14083,False
24.18988,93.75298,8.237614,.,.,False,10.02521,-10.43584,False
24.20912,93.80405,8.258881,.,.,False,10.04888,-9.714113,False
24.22754,93.85512,8.280979,.,.,False,10.32706,-9.0236,False
24.24423,93.90668,8.304145,.,.,False,10.37886,-8.397454,False
24.25872,93.95849,8.32829,.,.,False,10.53129,-7.854214,False
24.27421,93.95849,8.32829,.,.,False,10.53129,-7.854214,False
24.28934,94.0094,8.352953,.,.,False,10.6358,-6.705814,False
24.30475,94.06135,8.379,.,.,False,10.53618,-6.127961,False
24.31964,94.1128,8.405779,.,.,False,10.80095,-5.569871,False
24.33462,94.1128,8.405779,.,.,False,10.80095,-5.569871,False
24.3499,94.16454,8.433674,.,.,False,10.78191,-4.434806,False
24.36493,94.21622,8.46254,.,.,False,10.91524,-3.871298,False
24.37988,94.26904,8.49305,.,.,False,10.98507,-3.310688,False
24.3951,94.26904,8.49305,.,.,False,10.98507,-3.310688,False
24.41022,94.32167,8.524555,.,.,False,11.29668,-2.172791,False
24.42641,94.37479,8.557452,.,.,False,11.35574,-1.565858,False
24.4473,94.42664,8.590744,.,.,False,11.55181,-0.7824752,False
24.46557,94.47932,8.6257,.,.,False,11.40441,-0.097459,False
24.48508,94.53214,8.661974,.,.,False,11.67943,0,False
24.50316,94.58382,8.69875,.,.,False,11.82754,0,False
24.51941,94.63616,8.737247,.,.,False,11.7164,0,False
24.53966,94.68853,8.7771,.,.,False,11.9854,0,False
24.55745,94.68853,8.7771,.,.,False,11.9854,0,False
24.57315,94.73976,8.817492,.,.,False,12.13015,0,False
24.59464,94.79115,8.859402,.,.,False,12.03028,0,False
24.61041,94.84242,8.902668,.,.,False,12.2185,0,False
24.62544,94.89336,8.947178,.,.,False,12.35207,0,False
24.64231,94.94422,8.993176,.,.,False,12.45065,0,False
24.65829,94.99443,9.04022,.,.,False,12.61229,0,False
24.6736,94.99443,9.04022,.,.,False,12.61229,0,False
24.68829,95.0444,9.088716,.,.,False,12.65326,0,False
24.70293,95.09365,9.13826,.,.,False,12.79901,0,False
24.72035,95.14283,9.189268,.,.,False,12.83693,0.6535687,False
24.73901,95.19106,9.240799,.,.,False,13.0175,1.353255,False
24.75276,95.19106,9.240799,.,.,False,13.0175,1.353255,False
24.77216,95.23892,9.293371,.,.,False,12.97707,2.596298,False
24.79888,95.3342,9.40201,.,.,False,13.21941,3.598226,False
24.81665,95.3342,9.40201,.,.,False,13.21941,3.598226,False
24.83462,95.3817,9.458052,.,.,False,13.35336,4.938416,False
24.85118,95.42889,9.514891,.,.,False,13.50877,5.559731,False
24.86689,95.47615,9.572849,.,.,False,13.58762,6.148684,False
24.88578,95.52341,9.631779,.,.,False,13.75149,6.857152,False
24.90095,95.57063,9.691523,.,.,False,13.88971,7.425839,False
24.91676,95.57063,9.691523,.,.,False,13.88971,7.425839,False
24.93174,95.61813,9.75235,.,.,False,14.00296,8.580353,False
24.94781,95.66613,9.814474,.,.,False,14.18651,9.18339,False
24.96304,95.71421,9.877195,.,.,False,14.42759,9.754361,False
24.97824,95.7625,9.940548,.,.,False,14.52261,10.3242,False
24.99318,95.7625,9.940548,.,.,False,14.52261,10.3242,False
25.00833,95.8114,10.00494,.,.,False,14.63689,11.45257,False
25.02633,95.86034,10.06944,.,.,False,14.85239,12.12768,False
25.04233,95.90994,10.13474,.,.,False,14.87539,12.5,False
25.05789,95.90994,10.13474,.,.,False,14.87539,12.5,False
25.07378,95.96043,10.20095,.,.,False,15.06273,12.5,False
25.0982,96.06384,10.33508,.,.,False,15.42448,12.5,False
25.10654,96.06384,10.33508,.,.,False,15.42448,12.5,False
25.12115,96.11662,10.40244,.,.,False,15.65898,12.5,False
25.13592,96.11662,10.40244,.,.,False,15.65898,12.5,False
25.15127,96.17056,10.47027,.,.,False,15.70301,12.5,False
25.16624,96.22604,10.53884,.,.,False,15.89818,12.5,False
25.18169,96.28238,10.60707,.,.,False,16.17125,12.5,False
25.19811,96.34032,10.67561,.,.,False,16.22267,12.5,False
25.21315,96.34032,10.67561,.,.,False,16.22267,12.5,False
25.22945,96.40007,10.74446,.,.,False,16.44881,12.5,False
25.24343,96.46113,10.81276,.,.,False,16.69915,12.5,False
25.25871,96.52441,10.88131,.,.,False,16.78257,12.5,False
25.27338,96.52441,10.88131,.,.,False,16.78257,12.5,False
25.28963,96.58923,10.94904,.,.,False,17.07974,12.5,False
25.30344,96.65655,11.01678,.,.,False,17.16187,12.5,False
25.32014,96.72562,11.0834,.,.,False,17.473,12.5,False
25.33365,96.72562,11.0834,.,.,False,17.473,12.5,True
25.35063,96.79748,11.14961,.,.,False,17.55863,12.5,True
25.36506,96.87132,11.21434,.,.,False,17.86682,12.5,True
25.38116,96.94822,11.27824,.,.,False,17.95395,12.5,True
25.39491,96.94822,11.27824,.,.,False,17.95395,12.5,True
25.40922,97.02719,11.34043,.,.,False,18.27333,12.5,True
25.42826,97.11287,11.40331,.,.,False,18.36172,12.5,True
25.44174,97.19671,11.46184,.,.,False,19.39858,12.5,True
25.46346,97.29007,11.52305,.,.,False,18.65847,12.5,True
25.48196,97.37872,11.57807,.,.,False,20.31886,12.5,True
25.49529,97.37872,11.57807,.,.,False,20.31886,12.5,True
25.51278,97.469,11.62659,.,.,False,19.02187,12.5,True
25.52674,97.56493,11.67436,.,.,False,18.76066,12.5,True
25.54425,97.6718,11.7239,.,.,False,19.54084,12.5,True
25.56017,97.77308,11.76765,.,.,False,21.41373,12.5,True
25.57666,97.77308,11.76765,.,.,False,21.41373,12.5,True
25.59216,97.87099,11.80505,.,.,False,20.07756,12.5,True
25.60738,97.97285,11.84082,.,.,False,19.12752,12.5,True
25.62384,98.08387,11.87555,.,.,False,19.67147,12.5,True
25.63811,98.19695,11.90722,.,.,False,21.16298,12.5,True
25.65499,98.19695,11.90722,.,.,False,21.16298,12.5,True
25.66864,98.30145,11.93301,.,.,False,21.33944,12.5,True
25.68458,98.41486,11.9571,.,.,False,19.61311,12.5,True
25.69901,98.53405,11.97922,.,.,False,21.08825,12.5,True
25.71402,98.53405,11.97922,.,.,False,21.08825,12.5,True
25.73243,98.65134,11.99662,.,.,False,22.01112,12.5,True
25.74838,98.7757,12.0114,.,.,False,21.55393,11.90161,True
25.76699,98.89588,12.02168,.,.,False,22.72459,11.20371,True
25.78164,99.02433,12.02895,.,.,False,21.90755,10.65458,True
25.79676,99.02433,12.02895,.,.,False,21.90755,10.65458,True
25.81256,99.14967,12.03168,.,.,False,23.32863,9.495076,True
25.82797,99.28325,12.03048,.,.,False,22.74394,8.917171,True
25.84269,99.41301,12.02484,.,.,False,24.2007,8.364958,True
25.85846,99.53057,12.01595,.,.,False,23.54286,7.773845,True
25.87559,99.53057,12.01595,.,.,False,23.54286,7.773845,True
25.89148,99.65593,12.00174,.,.,False,21.39992,6.535523,True
25.90687,99.786,11.98288,.,.,False,22.88469,5.95826,True
25.92122,99.91147,11.96063,.,.,False,23.8211,5.420247,True
25.93627,99.91147,11.96063,.,.,False,23.8211,5.420247,True
25.95149,100.0417,11.93349,.,.,False,23.10971,4.285171,True
25.9669,100.1682,11.90289,.,.,False,24.11103,3.707326,True
25.98225,100.2991,11.86692,.,.,False,23.57588,3.131633,True
25.99749,100.2991,11.86692,.,.,False,23.57588,3.131633,True
26.01258,100.4198,11.82937,.,.,False,24.5903,1.994086,True
26.02864,100.5437,11.78644,.,.,False,22.93482,1.392151,True
26.04351,100.6743,11.73699,.,.,False,23.76837,0.8345144,True
26.05817,100.8007,11.68489,.,.,False,25.27147,0.2846444,True
26.07379,100.8007,11.68489,.,.,False,25.27147,0.2846444,True
26.09055,100.9373,11.62414,.,.,False,24.74596,-0.6285375,True
26.11102,101.0656,11.56294,.,.,False,27.03557,-1.396189,True
26.12411,101.1831,11.50275,.,.,False,25.7072,-1.887142,True
26.14024,101.3038,11.43658,.,.,False,23.89248,-2.492048,True
26.15528,101.3038,11.43658,.,.,False,23.89248,-2.492048,True
26.17089,101.4298,11.36421,.,.,False,24.92411,-3.641423,True
26.18584,101.5526,11.2904,.,.,False,26.25886,-4.201962,False
26.20123,101.6846,11.20795,.,.,False,25.917,-4.779146,False
26.21713,101.6846,11.20795,.,.,False,25.917,-4.779146,False
26.23752,101.8095,11.12707,.,.,False,28.09864,-6.139916,False
26.25499,101.9235,11.05062,.,.,False,26.88634,-6.794883,False
26.26974,102.0413,10.96882,.,.,False,24.81296,-7.348136,False
26.28502,102.1638,10.88165,.,.,False,25.92744,-7.921076,False
26.30077,102.2867,10.79251,.,.,False,27.15736,-8.511735,False
26.31588,102.2867,10.79251,.,.,False,27.15736,-8.511735,False
26.33141,102.4038,10.70605,.,.,False,27.41164,-9.660615,False
26.34636,102.526,10.61441,.,.,False,26.30219,-10.22119,False
26.36179,102.6495,10.52089,.,.,False,27.59182,-10.80013,False
26.37609,102.6495,10.52089,.,.,False,27.59182,-10.80013,False
26.3911,102.7629,10.43439,.,.,False,27.96184,-11.89905,False
26.40658,102.8809,10.34389,.,.,False,25.77276,-12.47955,False
26.42303,103.0041,10.24931,.,.,False,26.86904,-12.5,False
26.43749,103.0041,10.24931,.,.,False,26.86904,-12.5,False
26.45229,103.1291,10.15358,.,.,False,28.04217,-12.5,False
26.46762,103.2447,10.06578,.,.,False,28.4367,-12.5,False
26.48293,103.3655,9.974994,.,.,False,26.22118,-12.5,False
26.49835,103.4919,9.881261,.,.,False,27.30267,-12.5,False
26.51365,103.4919,9.881261,.,.,False,27.30267,-12.5,False
26.52905,103.6203,9.787909,.,.,False,28.4203,-12.5,False
26.5438,103.7439,9.70023,.,.,False,28.67122,-12.5,False
26.55835,103.874,9.610645,.,.,False,27.36784,-12.5,False
26.57399,103.874,9.610645,.,.,False,27.36784,-12.5,False
26.59052,104.012,9.518649,.,.,False,28.53591,-12.5,False
26.60424,104.1462,9.432717,.,.,False,29.94646,-12.5,False
26.62127,104.2815,9.350323,.,.,False,28.79351,-12.5,False
26.63507,104.2815,9.350323,.,.,False,28.79351,-12.5,False
26.65165,104.4261,9.266953,.,.,False,28.61393,-12.5,False
26.67588,104.4345,9.281906,.,.,False,30.14792,-12.5,False
26.69374,104.4425,9.297064,.,.,False,0,-12.5,False
26.7138,104.4502,9.312397,.,.,False,0,-12.5,False
26.7303,104.4574,9.327887,.,.,False,0,-12.5,False
26.75122,104.4643,9.343533,.,.,False,0,-12.5,False
26.77121,104.4709,9.359299,.,.,False,0,-12.5,False
26.79782,104.4772,9.375154,.,.,False,0,-12.5,False
26.81807,104.4833,9.391071,.,.,False,0,-12.5,False
26.8363,104.4892,9.407028,.,.,False,0,-12.5,False
26.86543,104.5008,9.438982,.,.,False,0,-12.5,False
26.88342,104.5067,9.454919,.,.,False,0,-12.5,False
26.91019,104.5126,9.470795,.,.,False,0,-12.5,False
26.93027,104.5187,9.48661,.,.,False,0,-12.5,False
26.95065,104.5249,9.502363,.,.,False,0,-12.5,False
26.96806,104.5312,9.51806,.,.,False,0,-12.5,False
26.98898,104.5376,9.533697,.,.,False,0,-12.5,False
27.00875,104.544,9.54928,.,.,False,0,-11.75851,False
27.03529,104.5506,9.564809,.,.,False,0,-10.76322,False
27.04909,104.5573,9.58028,.,.,False,0,-10.24599,False
27.06558,104.564,9.595694,.,.,False,0,-9.627568,False
27.08455,104.5708,9.611053,.,.,False,0,-8.916054,False
27.10109,104.5777,9.626358,.,.,False,0,-8.295894,False
27.11977,104.5847,9.641607,.,.,False,0,-7.595387,False
27.13564,104.5847,9.641607,.,.,False,0,-7.595387,False
27.15425,104.5917,9.656805,.,.,False,0,-6.302259,False
27.16996,104.5989,9.671951,.,.,False,0,-5.7134,False
27.19698,104.606,9.687047,.,.,False,0,-4.700027,False
27.21292,104.6133,9.702096,.,.,False,0,-4.102082,False
27.23092,104.6206,9.717091,.,.,False,0,-3.427232,False
27.24653,104.628,9.732033,.,.,False,0,-2.841767,False
27.26569,104.6355,9.746922,.,.,False,0,-2.123477,False
27.28203,104.643,9.761768,.,.,False,0,-1.510476,False
27.3018,104.6505,9.776569,.,.,False,0,-0.7691942,False
27.31843,104.6582,9.791315,.,.,False,0,-0.1455129,False
27.33748,104.6582,9.791315,.,.,False,0,-0.1455129,False
27.3559,104.6658,9.806013,.,.,False,0,0,False
27.37205,104.6736,9.82067,.,.,False,0,0,False
27.3913,104.6814,9.835285,.,.,False,0,0,False
27.41199,104.6892,9.84986,.,.,False,0,0,False
27.43049,104.697,9.864393,.,.,False,0,0,False
27.44616,104.7049,9.878882,.,.,False,0,0,False
27.46471,104.7129,9.893334,.,.,False,0,0,False
27.48139,104.7208,9.907747,.,.,False,0,0,False
27.49958,104.7288,9.922127,.,.,False,0,0,False
27.51886,104.7369,9.93646,.,.,False,0,0,False
27.53488,104.7369,9.93646,.,.,False,0,0,False
27.55278,104.7449,9.950754,.,.,False,0,0,False
27.56883,104.7531,9.96501,.,.,False,0,0,False
27.58934,104.7612,9.979233,.,.,False,0,0,False
27.61038,104.7694,9.993422,.,.,False,0,0,False
27.62931,104.7776,10.00758,.,.,False,0,0,False
27.64647,104.7858,10.02171,.,.,False,0,0,False
27.66713,104.794,10.0358,.,.,False,0,0,False
